sector_name,observation_date,latitude,longitude,chlorophyll_a_mg_m3,kd490_m_inv,photosynthetically_active_radiation_par,oceanic_front_status,cloud_cover_fraction,satellite_instrument,source
Gujarat (Veraval-Okha),2026-07-27,21.2,69.8,3.391,0.1359,38.3,High Productivity Front,0.26,MODIS-Aqua / Oceansat-3 OCM / Copernicus OLCI,NASA OceanColor / Copernicus Marine (GlobColour)
Gujarat (Veraval-Okha),2026-07-28,21.2,69.8,2.241,0.1038,43.0,Mesotrophic Bloom,0.23,MODIS-Aqua / Oceansat-3 OCM / Copernicus OLCI,NASA OceanColor / Copernicus Marine (GlobColour)
Gujarat (Veraval-Okha),2026-07-29,21.2,69.8,4.217,0.1566,42.7,High Productivity Front,0.12,MODIS-Aqua / Oceansat-3 OCM / Copernicus OLCI,NASA OceanColor / Copernicus Marine (GlobColour)
Gujarat (Veraval-Okha),2026-07-30,21.2,69.8,3.087,0.1279,48.1,High Productivity Front,0.27,MODIS-Aqua / Oceansat-3 OCM / Copernicus OLCI,NASA OceanColor / Copernicus Marine (GlobColour)
Gujarat (Veraval-Okha),2026-07-31,21.2,69.8,3.21,0.1311,41.5,High Productivity Front,0.24,MODIS-Aqua / Oceansat-3 OCM / Copernicus OLCI,NASA OceanColor / Copernicus Marine (GlobColour)
Gujarat (Veraval-Okha),2026-08-01,21.2,69.8,2.703,0.1173,39.9,High Productivity Front,0.07,MODIS-Aqua / Oceansat-3 OCM / Copernicus OLCI,NASA OceanColor / Copernicus Marine (GlobColour)
Gujarat (Veraval-Okha),2026-08-02,21.2,69.8,2.483,0.111,52.8,Mesotrophic Bloom,0.25,MODIS-Aqua / Oceansat-3 OCM / Copernicus OLCI,NASA OceanColor / Copernicus Marine (GlobColour)
Gujarat (Veraval-Okha),2026-08-03,21.2,69.8,2.997,0.1254,43.6,High Productivity Front,0.24,MODIS-Aqua / Oceansat-3 OCM / Copernicus OLCI,NASA OceanColor / Copernicus Marine (GlobColour)
Gujarat (Veraval-Okha),2026-08-04,21.2,69.8,1.878,0.0926,45.4,Mesotrophic Bloom,0.06,MODIS-Aqua / Oceansat-3 OCM / Copernicus OLCI,NASA OceanColor / Copernicus Marine (GlobColour)
Gujarat (Veraval-Okha),2026-08-05,21.2,69.8,3.869,0.1481,38.4,High Productivity Front,0.23,MODIS-Aqua / Oceansat-3 OCM / Copernicus OLCI,NASA OceanColor / Copernicus Marine (GlobColour)
Gujarat (Veraval-Okha),2026-08-06,21.2,69.8,5.595,0.1882,50.9,High Productivity Front,0.19,MODIS-Aqua / Oceansat-3 OCM / Copernicus OLCI,NASA OceanColor / Copernicus Marine (GlobColour)
Gujarat (Veraval-Okha),2026-08-07,21.2,69.8,2.695,0.1171,55.2,High Productivity Front,0.23,MODIS-Aqua / Oceansat-3 OCM / Copernicus OLCI,NASA OceanColor / Copernicus Marine (GlobColour)
Gujarat (Veraval-Okha),2026-08-08,21.2,69.8,2.201,0.1026,43.7,Mesotrophic Bloom,0.26,MODIS-Aqua / Oceansat-3 OCM / Copernicus OLCI,NASA OceanColor / Copernicus Marine (GlobColour)
Gujarat (Veraval-Okha),2026-08-09,21.2,69.8,2.694,0.117,53.4,High Productivity Front,0.27,MODIS-Aqua / Oceansat-3 OCM / Copernicus OLCI,NASA OceanColor / Copernicus Marine (GlobColour)
Gujarat (Veraval-Okha),2026-08-10,21.2,69.8,1.94,0.0945,49.4,Mesotrophic Bloom,0.09,MODIS-Aqua / Oceansat-3 OCM / Copernicus OLCI,NASA OceanColor / Copernicus Marine (GlobColour)
Gujarat (Veraval-Okha),2026-08-11,21.2,69.8,3.005,0.1256,47.2,High Productivity Front,0.24,MODIS-Aqua / Oceansat-3 OCM / Copernicus OLCI,NASA OceanColor / Copernicus Marine (GlobColour)
Gujarat (Veraval-Okha),2026-08-12,21.2,69.8,3.02,0.126,51.3,High Productivity Front,0.24,MODIS-Aqua / Oceansat-3 OCM / Copernicus OLCI,NASA OceanColor / Copernicus Marine (GlobColour)
Gujarat (Veraval-Okha),2026-08-13,21.2,69.8,2.515,0.1119,52.8,High Productivity Front,0.07,MODIS-Aqua / Oceansat-3 OCM / Copernicus OLCI,NASA OceanColor / Copernicus Marine (GlobColour)
Gujarat (Veraval-Okha),2026-08-14,21.2,69.8,2.161,0.1014,55.8,Mesotrophic Bloom,0.21,MODIS-Aqua / Oceansat-3 OCM / Copernicus OLCI,NASA OceanColor / Copernicus Marine (GlobColour)
Gujarat (Veraval-Okha),2026-08-15,21.2,69.8,2.808,0.1202,48.1,High Productivity Front,0.28,MODIS-Aqua / Oceansat-3 OCM / Copernicus OLCI,NASA OceanColor / Copernicus Marine (GlobColour)
Gujarat (Veraval-Okha),2026-08-16,21.2,69.8,3.715,0.1442,53.2,High Productivity Front,0.34,MODIS-Aqua / Oceansat-3 OCM / Copernicus OLCI,NASA OceanColor / Copernicus Marine (GlobColour)
Gujarat (Veraval-Okha),2026-08-17,21.2,69.8,3.06,0.1271,53.2,High Productivity Front,0.1,MODIS-Aqua / Oceansat-3 OCM / Copernicus OLCI,NASA OceanColor / Copernicus Marine (GlobColour)
Gujarat (Veraval-Okha),2026-08-18,21.2,69.8,2.29,0.1053,43.4,Mesotrophic Bloom,0.13,MODIS-Aqua / Oceansat-3 OCM / Copernicus OLCI,NASA OceanColor / Copernicus Marine (GlobColour)
Gujarat (Veraval-Okha),2026-08-19,21.2,69.8,2.378,0.1079,53.5,Mesotrophic Bloom,0.14,MODIS-Aqua / Oceansat-3 OCM / Copernicus OLCI,NASA OceanColor / Copernicus Marine (GlobColour)
Gujarat (Veraval-Okha),2026-08-20,21.2,69.8,2.697,0.1171,54.0,High Productivity Front,0.06,MODIS-Aqua / Oceansat-3 OCM / Copernicus OLCI,NASA OceanColor / Copernicus Marine (GlobColour)
Gujarat (Veraval-Okha),2026-08-21,21.2,69.8,3.507,0.1389,38.4,High Productivity Front,0.07,MODIS-Aqua / Oceansat-3 OCM / Copernicus OLCI,NASA OceanColor / Copernicus Marine (GlobColour)
Gujarat (Veraval-Okha),2026-08-22,21.2,69.8,2.568,0.1134,53.3,High Productivity Front,0.14,MODIS-Aqua / Oceansat-3 OCM / Copernicus OLCI,NASA OceanColor / Copernicus Marine (GlobColour)
Gujarat (Veraval-Okha),2026-08-23,21.2,69.8,3.367,0.1353,50.7,High Productivity Front,0.22,MODIS-Aqua / Oceansat-3 OCM / Copernicus OLCI,NASA OceanColor / Copernicus Marine (GlobColour)
Gujarat (Veraval-Okha),2026-08-24,21.2,69.8,3.336,0.1345,39.5,High Productivity Front,0.2,MODIS-Aqua / Oceansat-3 OCM / Copernicus OLCI,NASA OceanColor / Copernicus Marine (GlobColour)
Gujarat (Veraval-Okha),2026-08-25,21.2,69.8,2.219,0.1032,39.0,Mesotrophic Bloom,0.09,MODIS-Aqua / Oceansat-3 OCM / Copernicus OLCI,NASA OceanColor / Copernicus Marine (GlobColour)
Maharashtra (Mumbai),2026-07-27,18.9,72.5,2.122,0.0879,51.5,Mesotrophic Bloom,0.18,MODIS-Aqua / Oceansat-3 OCM / Copernicus OLCI,NASA OceanColor / Copernicus Marine (GlobColour)
Maharashtra (Mumbai),2026-07-28,18.9,72.5,3.001,0.1101,38.2,High Productivity Front,0.19,MODIS-Aqua / Oceansat-3 OCM / Copernicus OLCI,NASA OceanColor / Copernicus Marine (GlobColour)
Maharashtra (Mumbai),2026-07-29,18.9,72.5,3.179,0.1143,46.8,High Productivity Front,0.33,MODIS-Aqua / Oceansat-3 OCM / Copernicus OLCI,NASA OceanColor / Copernicus Marine (GlobColour)
Maharashtra (Mumbai),2026-07-30,18.9,72.5,2.425,0.0959,46.3,Mesotrophic Bloom,0.13,MODIS-Aqua / Oceansat-3 OCM / Copernicus OLCI,NASA OceanColor / Copernicus Marine (GlobColour)
Maharashtra (Mumbai),2026-07-31,18.9,72.5,2.832,0.1061,47.2,High Productivity Front,0.06,MODIS-Aqua / Oceansat-3 OCM / Copernicus OLCI,NASA OceanColor / Copernicus Marine (GlobColour)
Maharashtra (Mumbai),2026-08-01,18.9,72.5,2.507,0.098,41.0,High Productivity Front,0.3,MODIS-Aqua / Oceansat-3 OCM / Copernicus OLCI,NASA OceanColor / Copernicus Marine (GlobColour)
Maharashtra (Mumbai),2026-08-02,18.9,72.5,3.672,0.1256,39.0,High Productivity Front,0.19,MODIS-Aqua / Oceansat-3 OCM / Copernicus OLCI,NASA OceanColor / Copernicus Marine (GlobColour)
Maharashtra (Mumbai),2026-08-03,18.9,72.5,2.201,0.09,40.3,Mesotrophic Bloom,0.31,MODIS-Aqua / Oceansat-3 OCM / Copernicus OLCI,NASA OceanColor / Copernicus Marine (GlobColour)
Maharashtra (Mumbai),2026-08-04,18.9,72.5,2.683,0.1024,46.8,High Productivity Front,0.23,MODIS-Aqua / Oceansat-3 OCM / Copernicus OLCI,NASA OceanColor / Copernicus Marine (GlobColour)
Maharashtra (Mumbai),2026-08-05,18.9,72.5,1.815,0.0794,44.5,Mesotrophic Bloom,0.07,MODIS-Aqua / Oceansat-3 OCM / Copernicus OLCI,NASA OceanColor / Copernicus Marine (GlobColour)
Maharashtra (Mumbai),2026-08-06,18.9,72.5,3.364,0.1186,51.6,High Productivity Front,0.14,MODIS-Aqua / Oceansat-3 OCM / Copernicus OLCI,NASA OceanColor / Copernicus Marine (GlobColour)
Maharashtra (Mumbai),2026-08-07,18.9,72.5,2.775,0.1047,45.1,High Productivity Front,0.09,MODIS-Aqua / Oceansat-3 OCM / Copernicus OLCI,NASA OceanColor / Copernicus Marine (GlobColour)
Maharashtra (Mumbai),2026-08-08,18.9,72.5,1.835,0.08,43.3,Mesotrophic Bloom,0.31,MODIS-Aqua / Oceansat-3 OCM / Copernicus OLCI,NASA OceanColor / Copernicus Marine (GlobColour)
Maharashtra (Mumbai),2026-08-09,18.9,72.5,2.201,0.09,52.6,Mesotrophic Bloom,0.26,MODIS-Aqua / Oceansat-3 OCM / Copernicus OLCI,NASA OceanColor / Copernicus Marine (GlobColour)
Maharashtra (Mumbai),2026-08-10,18.9,72.5,2.572,0.0996,55.2,High Productivity Front,0.33,MODIS-Aqua / Oceansat-3 OCM / Copernicus OLCI,NASA OceanColor / Copernicus Marine (GlobColour)
Maharashtra (Mumbai),2026-08-11,18.9,72.5,1.887,0.0815,48.4,Mesotrophic Bloom,0.26,MODIS-Aqua / Oceansat-3 OCM / Copernicus OLCI,NASA OceanColor / Copernicus Marine (GlobColour)
Maharashtra (Mumbai),2026-08-12,18.9,72.5,2.647,0.1015,51.7,High Productivity Front,0.32,MODIS-Aqua / Oceansat-3 OCM / Copernicus OLCI,NASA OceanColor / Copernicus Marine (GlobColour)
Maharashtra (Mumbai),2026-08-13,18.9,72.5,1.856,0.0806,42.0,Mesotrophic Bloom,0.15,MODIS-Aqua / Oceansat-3 OCM / Copernicus OLCI,NASA OceanColor / Copernicus Marine (GlobColour)
Maharashtra (Mumbai),2026-08-14,18.9,72.5,1.763,0.0779,47.1,Mesotrophic Bloom,0.18,MODIS-Aqua / Oceansat-3 OCM / Copernicus OLCI,NASA OceanColor / Copernicus Marine (GlobColour)
Maharashtra (Mumbai),2026-08-15,18.9,72.5,3.484,0.1213,53.4,High Productivity Front,0.07,MODIS-Aqua / Oceansat-3 OCM / Copernicus OLCI,NASA OceanColor / Copernicus Marine (GlobColour)
Maharashtra (Mumbai),2026-08-16,18.9,72.5,1.86,0.0807,45.6,Mesotrophic Bloom,0.29,MODIS-Aqua / Oceansat-3 OCM / Copernicus OLCI,NASA OceanColor / Copernicus Marine (GlobColour)
Maharashtra (Mumbai),2026-08-17,18.9,72.5,2.573,0.0996,45.2,High Productivity Front,0.08,MODIS-Aqua / Oceansat-3 OCM / Copernicus OLCI,NASA OceanColor / Copernicus Marine (GlobColour)
Maharashtra (Mumbai),2026-08-18,18.9,72.5,2.28,0.0921,52.0,Mesotrophic Bloom,0.07,MODIS-Aqua / Oceansat-3 OCM / Copernicus OLCI,NASA OceanColor / Copernicus Marine (GlobColour)
Maharashtra (Mumbai),2026-08-19,18.9,72.5,1.953,0.0833,43.7,Mesotrophic Bloom,0.31,MODIS-Aqua / Oceansat-3 OCM / Copernicus OLCI,NASA OceanColor / Copernicus Marine (GlobColour)
Maharashtra (Mumbai),2026-08-20,18.9,72.5,1.721,0.0767,54.7,Mesotrophic Bloom,0.34,MODIS-Aqua / Oceansat-3 OCM / Copernicus OLCI,NASA OceanColor / Copernicus Marine (GlobColour)
Maharashtra (Mumbai),2026-08-21,18.9,72.5,1.69,0.0758,49.4,Mesotrophic Bloom,0.2,MODIS-Aqua / Oceansat-3 OCM / Copernicus OLCI,NASA OceanColor / Copernicus Marine (GlobColour)
Maharashtra (Mumbai),2026-08-22,18.9,72.5,2.689,0.1025,42.5,High Productivity Front,0.12,MODIS-Aqua / Oceansat-3 OCM / Copernicus OLCI,NASA OceanColor / Copernicus Marine (GlobColour)
Maharashtra (Mumbai),2026-08-23,18.9,72.5,2.154,0.0888,49.1,Mesotrophic Bloom,0.1,MODIS-Aqua / Oceansat-3 OCM / Copernicus OLCI,NASA OceanColor / Copernicus Marine (GlobColour)
Maharashtra (Mumbai),2026-08-24,18.9,72.5,1.894,0.0817,55.1,Mesotrophic Bloom,0.33,MODIS-Aqua / Oceansat-3 OCM / Copernicus OLCI,NASA OceanColor / Copernicus Marine (GlobColour)
Maharashtra (Mumbai),2026-08-25,18.9,72.5,1.787,0.0786,52.7,Mesotrophic Bloom,0.2,MODIS-Aqua / Oceansat-3 OCM / Copernicus OLCI,NASA OceanColor / Copernicus Marine (GlobColour)
Goa Coast,2026-07-27,15.4,73.6,2.002,0.0828,39.7,Mesotrophic Bloom,0.33,MODIS-Aqua / Oceansat-3 OCM / Copernicus OLCI,NASA OceanColor / Copernicus Marine (GlobColour)
Goa Coast,2026-07-28,15.4,73.6,1.323,0.0632,45.2,Oligotrophic Water,0.29,MODIS-Aqua / Oceansat-3 OCM / Copernicus OLCI,NASA OceanColor / Copernicus Marine (GlobColour)
Goa Coast,2026-07-29,15.4,73.6,1.289,0.0622,40.6,Oligotrophic Water,0.14,MODIS-Aqua / Oceansat-3 OCM / Copernicus OLCI,NASA OceanColor / Copernicus Marine (GlobColour)
Goa Coast,2026-07-30,15.4,73.6,1.744,0.0757,48.9,Mesotrophic Bloom,0.12,MODIS-Aqua / Oceansat-3 OCM / Copernicus OLCI,NASA OceanColor / Copernicus Marine (GlobColour)
Goa Coast,2026-07-31,15.4,73.6,1.68,0.0739,40.2,Mesotrophic Bloom,0.08,MODIS-Aqua / Oceansat-3 OCM / Copernicus OLCI,NASA OceanColor / Copernicus Marine (GlobColour)
Goa Coast,2026-08-01,15.4,73.6,2.032,0.0836,49.9,Mesotrophic Bloom,0.18,MODIS-Aqua / Oceansat-3 OCM / Copernicus OLCI,NASA OceanColor / Copernicus Marine (GlobColour)
Goa Coast,2026-08-02,15.4,73.6,1.391,0.0653,51.8,Oligotrophic Water,0.18,MODIS-Aqua / Oceansat-3 OCM / Copernicus OLCI,NASA OceanColor / Copernicus Marine (GlobColour)
Goa Coast,2026-08-03,15.4,73.6,1.669,0.0735,48.8,Mesotrophic Bloom,0.06,MODIS-Aqua / Oceansat-3 OCM / Copernicus OLCI,NASA OceanColor / Copernicus Marine (GlobColour)
Goa Coast,2026-08-04,15.4,73.6,2.033,0.0836,39.9,Mesotrophic Bloom,0.18,MODIS-Aqua / Oceansat-3 OCM / Copernicus OLCI,NASA OceanColor / Copernicus Marine (GlobColour)
Goa Coast,2026-08-05,15.4,73.6,1.556,0.0703,51.2,Mesotrophic Bloom,0.24,MODIS-Aqua / Oceansat-3 OCM / Copernicus OLCI,NASA OceanColor / Copernicus Marine (GlobColour)
Goa Coast,2026-08-06,15.4,73.6,1.737,0.0755,38.9,Mesotrophic Bloom,0.17,MODIS-Aqua / Oceansat-3 OCM / Copernicus OLCI,NASA OceanColor / Copernicus Marine (GlobColour)
Goa Coast,2026-08-07,15.4,73.6,1.398,0.0655,51.7,Oligotrophic Water,0.31,MODIS-Aqua / Oceansat-3 OCM / Copernicus OLCI,NASA OceanColor / Copernicus Marine (GlobColour)
Goa Coast,2026-08-08,15.4,73.6,1.738,0.0755,50.0,Mesotrophic Bloom,0.23,MODIS-Aqua / Oceansat-3 OCM / Copernicus OLCI,NASA OceanColor / Copernicus Marine (GlobColour)
Goa Coast,2026-08-09,15.4,73.6,2.004,0.0828,51.1,Mesotrophic Bloom,0.25,MODIS-Aqua / Oceansat-3 OCM / Copernicus OLCI,NASA OceanColor / Copernicus Marine (GlobColour)
Goa Coast,2026-08-10,15.4,73.6,2.532,0.0964,40.5,High Productivity Front,0.12,MODIS-Aqua / Oceansat-3 OCM / Copernicus OLCI,NASA OceanColor / Copernicus Marine (GlobColour)
Goa Coast,2026-08-11,15.4,73.6,1.701,0.0744,44.7,Mesotrophic Bloom,0.31,MODIS-Aqua / Oceansat-3 OCM / Copernicus OLCI,NASA OceanColor / Copernicus Marine (GlobColour)
Goa Coast,2026-08-12,15.4,73.6,2.427,0.0938,38.7,Mesotrophic Bloom,0.19,MODIS-Aqua / Oceansat-3 OCM / Copernicus OLCI,NASA OceanColor / Copernicus Marine (GlobColour)
Goa Coast,2026-08-13,15.4,73.6,2.674,0.0999,39.9,High Productivity Front,0.2,MODIS-Aqua / Oceansat-3 OCM / Copernicus OLCI,NASA OceanColor / Copernicus Marine (GlobColour)
Goa Coast,2026-08-14,15.4,73.6,1.662,0.0733,44.9,Mesotrophic Bloom,0.09,MODIS-Aqua / Oceansat-3 OCM / Copernicus OLCI,NASA OceanColor / Copernicus Marine (GlobColour)
Goa Coast,2026-08-15,15.4,73.6,1.977,0.0821,53.4,Mesotrophic Bloom,0.32,MODIS-Aqua / Oceansat-3 OCM / Copernicus OLCI,NASA OceanColor / Copernicus Marine (GlobColour)
Goa Coast,2026-08-16,15.4,73.6,2.124,0.086,52.5,Mesotrophic Bloom,0.09,MODIS-Aqua / Oceansat-3 OCM / Copernicus OLCI,NASA OceanColor / Copernicus Marine (GlobColour)
Goa Coast,2026-08-17,15.4,73.6,1.542,0.0698,49.0,Mesotrophic Bloom,0.16,MODIS-Aqua / Oceansat-3 OCM / Copernicus OLCI,NASA OceanColor / Copernicus Marine (GlobColour)
Goa Coast,2026-08-18,15.4,73.6,2.347,0.0918,42.1,Mesotrophic Bloom,0.3,MODIS-Aqua / Oceansat-3 OCM / Copernicus OLCI,NASA OceanColor / Copernicus Marine (GlobColour)
Goa Coast,2026-08-19,15.4,73.6,1.757,0.076,46.8,Mesotrophic Bloom,0.19,MODIS-Aqua / Oceansat-3 OCM / Copernicus OLCI,NASA OceanColor / Copernicus Marine (GlobColour)
Goa Coast,2026-08-20,15.4,73.6,2.003,0.0828,51.5,Mesotrophic Bloom,0.14,MODIS-Aqua / Oceansat-3 OCM / Copernicus OLCI,NASA OceanColor / Copernicus Marine (GlobColour)
Goa Coast,2026-08-21,15.4,73.6,1.485,0.0682,53.9,Oligotrophic Water,0.15,MODIS-Aqua / Oceansat-3 OCM / Copernicus OLCI,NASA OceanColor / Copernicus Marine (GlobColour)
Goa Coast,2026-08-22,15.4,73.6,1.591,0.0713,41.4,Mesotrophic Bloom,0.17,MODIS-Aqua / Oceansat-3 OCM / Copernicus OLCI,NASA OceanColor / Copernicus Marine (GlobColour)
Goa Coast,2026-08-23,15.4,73.6,1.895,0.0799,38.3,Mesotrophic Bloom,0.28,MODIS-Aqua / Oceansat-3 OCM / Copernicus OLCI,NASA OceanColor / Copernicus Marine (GlobColour)
Goa Coast,2026-08-24,15.4,73.6,2.133,0.0862,49.8,Mesotrophic Bloom,0.33,MODIS-Aqua / Oceansat-3 OCM / Copernicus OLCI,NASA OceanColor / Copernicus Marine (GlobColour)
Goa Coast,2026-08-25,15.4,73.6,2.049,0.084,40.7,Mesotrophic Bloom,0.21,MODIS-Aqua / Oceansat-3 OCM / Copernicus OLCI,NASA OceanColor / Copernicus Marine (GlobColour)
Karnataka (Malpe-Mangalore),2026-07-27,13.1,74.5,3.491,0.1242,42.9,High Productivity Front,0.14,MODIS-Aqua / Oceansat-3 OCM / Copernicus OLCI,NASA OceanColor / Copernicus Marine (GlobColour)
Karnataka (Malpe-Mangalore),2026-07-28,13.1,74.5,1.607,0.075,42.1,Mesotrophic Bloom,0.1,MODIS-Aqua / Oceansat-3 OCM / Copernicus OLCI,NASA OceanColor / Copernicus Marine (GlobColour)
Karnataka (Malpe-Mangalore),2026-07-29,13.1,74.5,2.256,0.0935,52.6,Mesotrophic Bloom,0.27,MODIS-Aqua / Oceansat-3 OCM / Copernicus OLCI,NASA OceanColor / Copernicus Marine (GlobColour)
Karnataka (Malpe-Mangalore),2026-07-30,13.1,74.5,2.485,0.0996,50.1,Mesotrophic Bloom,0.08,MODIS-Aqua / Oceansat-3 OCM / Copernicus OLCI,NASA OceanColor / Copernicus Marine (GlobColour)
Karnataka (Malpe-Mangalore),2026-07-31,13.1,74.5,4.104,0.138,42.4,High Productivity Front,0.16,MODIS-Aqua / Oceansat-3 OCM / Copernicus OLCI,NASA OceanColor / Copernicus Marine (GlobColour)
Karnataka (Malpe-Mangalore),2026-08-01,13.1,74.5,2.712,0.1054,46.8,High Productivity Front,0.19,MODIS-Aqua / Oceansat-3 OCM / Copernicus OLCI,NASA OceanColor / Copernicus Marine (GlobColour)
Karnataka (Malpe-Mangalore),2026-08-02,13.1,74.5,2.465,0.0991,46.2,Mesotrophic Bloom,0.21,MODIS-Aqua / Oceansat-3 OCM / Copernicus OLCI,NASA OceanColor / Copernicus Marine (GlobColour)
Karnataka (Malpe-Mangalore),2026-08-03,13.1,74.5,2.516,0.1004,54.9,High Productivity Front,0.13,MODIS-Aqua / Oceansat-3 OCM / Copernicus OLCI,NASA OceanColor / Copernicus Marine (GlobColour)
Karnataka (Malpe-Mangalore),2026-08-04,13.1,74.5,3.572,0.1261,49.7,High Productivity Front,0.25,MODIS-Aqua / Oceansat-3 OCM / Copernicus OLCI,NASA OceanColor / Copernicus Marine (GlobColour)
Karnataka (Malpe-Mangalore),2026-08-05,13.1,74.5,3.15,0.1162,45.1,High Productivity Front,0.34,MODIS-Aqua / Oceansat-3 OCM / Copernicus OLCI,NASA OceanColor / Copernicus Marine (GlobColour)
Karnataka (Malpe-Mangalore),2026-08-06,13.1,74.5,1.685,0.0774,45.9,Mesotrophic Bloom,0.07,MODIS-Aqua / Oceansat-3 OCM / Copernicus OLCI,NASA OceanColor / Copernicus Marine (GlobColour)
Karnataka (Malpe-Mangalore),2026-08-07,13.1,74.5,2.455,0.0988,44.5,Mesotrophic Bloom,0.28,MODIS-Aqua / Oceansat-3 OCM / Copernicus OLCI,NASA OceanColor / Copernicus Marine (GlobColour)
Karnataka (Malpe-Mangalore),2026-08-08,13.1,74.5,2.324,0.0954,46.2,Mesotrophic Bloom,0.22,MODIS-Aqua / Oceansat-3 OCM / Copernicus OLCI,NASA OceanColor / Copernicus Marine (GlobColour)
Karnataka (Malpe-Mangalore),2026-08-09,13.1,74.5,1.854,0.0823,42.8,Mesotrophic Bloom,0.3,MODIS-Aqua / Oceansat-3 OCM / Copernicus OLCI,NASA OceanColor / Copernicus Marine (GlobColour)
Karnataka (Malpe-Mangalore),2026-08-10,13.1,74.5,2.085,0.0889,49.5,Mesotrophic Bloom,0.14,MODIS-Aqua / Oceansat-3 OCM / Copernicus OLCI,NASA OceanColor / Copernicus Marine (GlobColour)
Karnataka (Malpe-Mangalore),2026-08-11,13.1,74.5,2.406,0.0975,50.7,Mesotrophic Bloom,0.3,MODIS-Aqua / Oceansat-3 OCM / Copernicus OLCI,NASA OceanColor / Copernicus Marine (GlobColour)
Karnataka (Malpe-Mangalore),2026-08-12,13.1,74.5,2.534,0.1009,44.7,High Productivity Front,0.27,MODIS-Aqua / Oceansat-3 OCM / Copernicus OLCI,NASA OceanColor / Copernicus Marine (GlobColour)
Karnataka (Malpe-Mangalore),2026-08-13,13.1,74.5,3.143,0.116,52.2,High Productivity Front,0.21,MODIS-Aqua / Oceansat-3 OCM / Copernicus OLCI,NASA OceanColor / Copernicus Marine (GlobColour)
Karnataka (Malpe-Mangalore),2026-08-14,13.1,74.5,2.878,0.1096,48.4,High Productivity Front,0.31,MODIS-Aqua / Oceansat-3 OCM / Copernicus OLCI,NASA OceanColor / Copernicus Marine (GlobColour)
Karnataka (Malpe-Mangalore),2026-08-15,13.1,74.5,2.925,0.1107,43.5,High Productivity Front,0.31,MODIS-Aqua / Oceansat-3 OCM / Copernicus OLCI,NASA OceanColor / Copernicus Marine (GlobColour)
Karnataka (Malpe-Mangalore),2026-08-16,13.1,74.5,2.48,0.0995,47.1,Mesotrophic Bloom,0.2,MODIS-Aqua / Oceansat-3 OCM / Copernicus OLCI,NASA OceanColor / Copernicus Marine (GlobColour)
Karnataka (Malpe-Mangalore),2026-08-17,13.1,74.5,2.272,0.094,47.9,Mesotrophic Bloom,0.17,MODIS-Aqua / Oceansat-3 OCM / Copernicus OLCI,NASA OceanColor / Copernicus Marine (GlobColour)
Karnataka (Malpe-Mangalore),2026-08-18,13.1,74.5,2.877,0.1096,48.7,High Productivity Front,0.34,MODIS-Aqua / Oceansat-3 OCM / Copernicus OLCI,NASA OceanColor / Copernicus Marine (GlobColour)
Karnataka (Malpe-Mangalore),2026-08-19,13.1,74.5,2.818,0.1081,52.5,High Productivity Front,0.1,MODIS-Aqua / Oceansat-3 OCM / Copernicus OLCI,NASA OceanColor / Copernicus Marine (GlobColour)
Karnataka (Malpe-Mangalore),2026-08-20,13.1,74.5,2.818,0.1081,45.9,High Productivity Front,0.33,MODIS-Aqua / Oceansat-3 OCM / Copernicus OLCI,NASA OceanColor / Copernicus Marine (GlobColour)
Karnataka (Malpe-Mangalore),2026-08-21,13.1,74.5,2.423,0.098,41.6,Mesotrophic Bloom,0.29,MODIS-Aqua / Oceansat-3 OCM / Copernicus OLCI,NASA OceanColor / Copernicus Marine (GlobColour)
Karnataka (Malpe-Mangalore),2026-08-22,13.1,74.5,2.685,0.1047,42.2,High Productivity Front,0.19,MODIS-Aqua / Oceansat-3 OCM / Copernicus OLCI,NASA OceanColor / Copernicus Marine (GlobColour)
Karnataka (Malpe-Mangalore),2026-08-23,13.1,74.5,2.722,0.1057,41.5,High Productivity Front,0.26,MODIS-Aqua / Oceansat-3 OCM / Copernicus OLCI,NASA OceanColor / Copernicus Marine (GlobColour)
Karnataka (Malpe-Mangalore),2026-08-24,13.1,74.5,1.615,0.0753,41.0,Mesotrophic Bloom,0.33,MODIS-Aqua / Oceansat-3 OCM / Copernicus OLCI,NASA OceanColor / Copernicus Marine (GlobColour)
Karnataka (Malpe-Mangalore),2026-08-25,13.1,74.5,2.842,0.1087,48.2,High Productivity Front,0.06,MODIS-Aqua / Oceansat-3 OCM / Copernicus OLCI,NASA OceanColor / Copernicus Marine (GlobColour)
Kerala (Cochin Upwelling),2026-07-27,9.9,75.9,2.895,0.1302,44.6,High Productivity Front,0.1,MODIS-Aqua / Oceansat-3 OCM / Copernicus OLCI,NASA OceanColor / Copernicus Marine (GlobColour)
Kerala (Cochin Upwelling),2026-07-28,9.9,75.9,3.537,0.1483,38.6,High Productivity Front,0.33,MODIS-Aqua / Oceansat-3 OCM / Copernicus OLCI,NASA OceanColor / Copernicus Marine (GlobColour)
Kerala (Cochin Upwelling),2026-07-29,9.9,75.9,2.44,0.1165,44.8,Mesotrophic Bloom,0.32,MODIS-Aqua / Oceansat-3 OCM / Copernicus OLCI,NASA OceanColor / Copernicus Marine (GlobColour)
Kerala (Cochin Upwelling),2026-07-30,9.9,75.9,3.348,0.1431,52.3,High Productivity Front,0.05,MODIS-Aqua / Oceansat-3 OCM / Copernicus OLCI,NASA OceanColor / Copernicus Marine (GlobColour)
Kerala (Cochin Upwelling),2026-07-31,9.9,75.9,3.672,0.1519,43.5,High Productivity Front,0.06,MODIS-Aqua / Oceansat-3 OCM / Copernicus OLCI,NASA OceanColor / Copernicus Marine (GlobColour)
Kerala (Cochin Upwelling),2026-08-01,9.9,75.9,3.911,0.1583,43.2,High Productivity Front,0.07,MODIS-Aqua / Oceansat-3 OCM / Copernicus OLCI,NASA OceanColor / Copernicus Marine (GlobColour)
Kerala (Cochin Upwelling),2026-08-02,9.9,75.9,3.468,0.1464,41.4,High Productivity Front,0.22,MODIS-Aqua / Oceansat-3 OCM / Copernicus OLCI,NASA OceanColor / Copernicus Marine (GlobColour)
Kerala (Cochin Upwelling),2026-08-03,9.9,75.9,4.074,0.1626,41.8,High Productivity Front,0.2,MODIS-Aqua / Oceansat-3 OCM / Copernicus OLCI,NASA OceanColor / Copernicus Marine (GlobColour)
Kerala (Cochin Upwelling),2026-08-04,9.9,75.9,3.869,0.1572,48.7,High Productivity Front,0.35,MODIS-Aqua / Oceansat-3 OCM / Copernicus OLCI,NASA OceanColor / Copernicus Marine (GlobColour)
Kerala (Cochin Upwelling),2026-08-05,9.9,75.9,3.347,0.1431,49.1,High Productivity Front,0.33,MODIS-Aqua / Oceansat-3 OCM / Copernicus OLCI,NASA OceanColor / Copernicus Marine (GlobColour)
Kerala (Cochin Upwelling),2026-08-06,9.9,75.9,2.773,0.1266,50.7,High Productivity Front,0.27,MODIS-Aqua / Oceansat-3 OCM / Copernicus OLCI,NASA OceanColor / Copernicus Marine (GlobColour)
Kerala (Cochin Upwelling),2026-08-07,9.9,75.9,3.87,0.1572,43.6,High Productivity Front,0.31,MODIS-Aqua / Oceansat-3 OCM / Copernicus OLCI,NASA OceanColor / Copernicus Marine (GlobColour)
Kerala (Cochin Upwelling),2026-08-08,9.9,75.9,2.877,0.1297,54.7,High Productivity Front,0.23,MODIS-Aqua / Oceansat-3 OCM / Copernicus OLCI,NASA OceanColor / Copernicus Marine (GlobColour)
Kerala (Cochin Upwelling),2026-08-09,9.9,75.9,2.534,0.1194,49.3,High Productivity Front,0.06,MODIS-Aqua / Oceansat-3 OCM / Copernicus OLCI,NASA OceanColor / Copernicus Marine (GlobColour)
Kerala (Cochin Upwelling),2026-08-10,9.9,75.9,2.903,0.1304,55.5,High Productivity Front,0.16,MODIS-Aqua / Oceansat-3 OCM / Copernicus OLCI,NASA OceanColor / Copernicus Marine (GlobColour)
Kerala (Cochin Upwelling),2026-08-11,9.9,75.9,3.381,0.144,39.8,High Productivity Front,0.24,MODIS-Aqua / Oceansat-3 OCM / Copernicus OLCI,NASA OceanColor / Copernicus Marine (GlobColour)
Kerala (Cochin Upwelling),2026-08-12,9.9,75.9,3.617,0.1505,49.2,High Productivity Front,0.18,MODIS-Aqua / Oceansat-3 OCM / Copernicus OLCI,NASA OceanColor / Copernicus Marine (GlobColour)
Kerala (Cochin Upwelling),2026-08-13,9.9,75.9,3.161,0.1378,39.7,High Productivity Front,0.11,MODIS-Aqua / Oceansat-3 OCM / Copernicus OLCI,NASA OceanColor / Copernicus Marine (GlobColour)
Kerala (Cochin Upwelling),2026-08-14,9.9,75.9,3.385,0.1441,38.8,High Productivity Front,0.22,MODIS-Aqua / Oceansat-3 OCM / Copernicus OLCI,NASA OceanColor / Copernicus Marine (GlobColour)
Kerala (Cochin Upwelling),2026-08-15,9.9,75.9,2.723,0.1251,43.7,High Productivity Front,0.06,MODIS-Aqua / Oceansat-3 OCM / Copernicus OLCI,NASA OceanColor / Copernicus Marine (GlobColour)
Kerala (Cochin Upwelling),2026-08-16,9.9,75.9,3.609,0.1502,38.8,High Productivity Front,0.32,MODIS-Aqua / Oceansat-3 OCM / Copernicus OLCI,NASA OceanColor / Copernicus Marine (GlobColour)
Kerala (Cochin Upwelling),2026-08-17,9.9,75.9,3.928,0.1587,44.4,High Productivity Front,0.06,MODIS-Aqua / Oceansat-3 OCM / Copernicus OLCI,NASA OceanColor / Copernicus Marine (GlobColour)
Kerala (Cochin Upwelling),2026-08-18,9.9,75.9,3.643,0.1512,40.7,High Productivity Front,0.11,MODIS-Aqua / Oceansat-3 OCM / Copernicus OLCI,NASA OceanColor / Copernicus Marine (GlobColour)
Kerala (Cochin Upwelling),2026-08-19,9.9,75.9,3.329,0.1426,55.5,High Productivity Front,0.15,MODIS-Aqua / Oceansat-3 OCM / Copernicus OLCI,NASA OceanColor / Copernicus Marine (GlobColour)
Kerala (Cochin Upwelling),2026-08-20,9.9,75.9,4.729,0.1791,41.6,High Productivity Front,0.1,MODIS-Aqua / Oceansat-3 OCM / Copernicus OLCI,NASA OceanColor / Copernicus Marine (GlobColour)
Kerala (Cochin Upwelling),2026-08-21,9.9,75.9,2.929,0.1312,55.2,High Productivity Front,0.1,MODIS-Aqua / Oceansat-3 OCM / Copernicus OLCI,NASA OceanColor / Copernicus Marine (GlobColour)
Kerala (Cochin Upwelling),2026-08-22,9.9,75.9,3.577,0.1494,51.9,High Productivity Front,0.35,MODIS-Aqua / Oceansat-3 OCM / Copernicus OLCI,NASA OceanColor / Copernicus Marine (GlobColour)
Kerala (Cochin Upwelling),2026-08-23,9.9,75.9,3.58,0.1495,49.0,High Productivity Front,0.31,MODIS-Aqua / Oceansat-3 OCM / Copernicus OLCI,NASA OceanColor / Copernicus Marine (GlobColour)
Kerala (Cochin Upwelling),2026-08-24,9.9,75.9,2.903,0.1304,38.6,High Productivity Front,0.25,MODIS-Aqua / Oceansat-3 OCM / Copernicus OLCI,NASA OceanColor / Copernicus Marine (GlobColour)
Kerala (Cochin Upwelling),2026-08-25,9.9,75.9,4.461,0.1724,42.7,High Productivity Front,0.05,MODIS-Aqua / Oceansat-3 OCM / Copernicus OLCI,NASA OceanColor / Copernicus Marine (GlobColour)
South Tamil Nadu (Tuticorin),2026-07-27,8.7,78.3,2.058,0.0888,53.0,Mesotrophic Bloom,0.3,MODIS-Aqua / Oceansat-3 OCM / Copernicus OLCI,NASA OceanColor / Copernicus Marine (GlobColour)
South Tamil Nadu (Tuticorin),2026-07-28,8.7,78.3,1.317,0.0665,48.1,Oligotrophic Water,0.31,MODIS-Aqua / Oceansat-3 OCM / Copernicus OLCI,NASA OceanColor / Copernicus Marine (GlobColour)
South Tamil Nadu (Tuticorin),2026-07-29,8.7,78.3,2.498,0.1007,55.6,Mesotrophic Bloom,0.22,MODIS-Aqua / Oceansat-3 OCM / Copernicus OLCI,NASA OceanColor / Copernicus Marine (GlobColour)
South Tamil Nadu (Tuticorin),2026-07-30,8.7,78.3,3.675,0.1295,45.2,High Productivity Front,0.26,MODIS-Aqua / Oceansat-3 OCM / Copernicus OLCI,NASA OceanColor / Copernicus Marine (GlobColour)
South Tamil Nadu (Tuticorin),2026-07-31,8.7,78.3,1.692,0.0782,39.5,Mesotrophic Bloom,0.13,MODIS-Aqua / Oceansat-3 OCM / Copernicus OLCI,NASA OceanColor / Copernicus Marine (GlobColour)
South Tamil Nadu (Tuticorin),2026-08-01,8.7,78.3,2.647,0.1046,40.3,High Productivity Front,0.12,MODIS-Aqua / Oceansat-3 OCM / Copernicus OLCI,NASA OceanColor / Copernicus Marine (GlobColour)
South Tamil Nadu (Tuticorin),2026-08-02,8.7,78.3,2.935,0.1119,49.1,High Productivity Front,0.34,MODIS-Aqua / Oceansat-3 OCM / Copernicus OLCI,NASA OceanColor / Copernicus Marine (GlobColour)
South Tamil Nadu (Tuticorin),2026-08-03,8.7,78.3,1.923,0.085,55.9,Mesotrophic Bloom,0.29,MODIS-Aqua / Oceansat-3 OCM / Copernicus OLCI,NASA OceanColor / Copernicus Marine (GlobColour)
South Tamil Nadu (Tuticorin),2026-08-04,8.7,78.3,1.621,0.0761,39.1,Mesotrophic Bloom,0.14,MODIS-Aqua / Oceansat-3 OCM / Copernicus OLCI,NASA OceanColor / Copernicus Marine (GlobColour)
South Tamil Nadu (Tuticorin),2026-08-05,8.7,78.3,2.013,0.0876,46.9,Mesotrophic Bloom,0.25,MODIS-Aqua / Oceansat-3 OCM / Copernicus OLCI,NASA OceanColor / Copernicus Marine (GlobColour)
South Tamil Nadu (Tuticorin),2026-08-06,8.7,78.3,2.421,0.0987,42.1,Mesotrophic Bloom,0.08,MODIS-Aqua / Oceansat-3 OCM / Copernicus OLCI,NASA OceanColor / Copernicus Marine (GlobColour)
South Tamil Nadu (Tuticorin),2026-08-07,8.7,78.3,2.189,0.0925,45.3,Mesotrophic Bloom,0.11,MODIS-Aqua / Oceansat-3 OCM / Copernicus OLCI,NASA OceanColor / Copernicus Marine (GlobColour)
South Tamil Nadu (Tuticorin),2026-08-08,8.7,78.3,2.168,0.0919,44.6,Mesotrophic Bloom,0.11,MODIS-Aqua / Oceansat-3 OCM / Copernicus OLCI,NASA OceanColor / Copernicus Marine (GlobColour)
South Tamil Nadu (Tuticorin),2026-08-09,8.7,78.3,2.036,0.0882,49.3,Mesotrophic Bloom,0.09,MODIS-Aqua / Oceansat-3 OCM / Copernicus OLCI,NASA OceanColor / Copernicus Marine (GlobColour)
South Tamil Nadu (Tuticorin),2026-08-10,8.7,78.3,2.087,0.0896,43.0,Mesotrophic Bloom,0.07,MODIS-Aqua / Oceansat-3 OCM / Copernicus OLCI,NASA OceanColor / Copernicus Marine (GlobColour)
South Tamil Nadu (Tuticorin),2026-08-11,8.7,78.3,1.558,0.0741,40.6,Mesotrophic Bloom,0.24,MODIS-Aqua / Oceansat-3 OCM / Copernicus OLCI,NASA OceanColor / Copernicus Marine (GlobColour)
South Tamil Nadu (Tuticorin),2026-08-12,8.7,78.3,1.95,0.0858,50.4,Mesotrophic Bloom,0.31,MODIS-Aqua / Oceansat-3 OCM / Copernicus OLCI,NASA OceanColor / Copernicus Marine (GlobColour)
South Tamil Nadu (Tuticorin),2026-08-13,8.7,78.3,1.823,0.0821,40.6,Mesotrophic Bloom,0.05,MODIS-Aqua / Oceansat-3 OCM / Copernicus OLCI,NASA OceanColor / Copernicus Marine (GlobColour)
South Tamil Nadu (Tuticorin),2026-08-14,8.7,78.3,1.558,0.0741,43.3,Mesotrophic Bloom,0.24,MODIS-Aqua / Oceansat-3 OCM / Copernicus OLCI,NASA OceanColor / Copernicus Marine (GlobColour)
South Tamil Nadu (Tuticorin),2026-08-15,8.7,78.3,3.248,0.1195,55.0,High Productivity Front,0.22,MODIS-Aqua / Oceansat-3 OCM / Copernicus OLCI,NASA OceanColor / Copernicus Marine (GlobColour)
South Tamil Nadu (Tuticorin),2026-08-16,8.7,78.3,1.863,0.0833,43.2,Mesotrophic Bloom,0.09,MODIS-Aqua / Oceansat-3 OCM / Copernicus OLCI,NASA OceanColor / Copernicus Marine (GlobColour)
South Tamil Nadu (Tuticorin),2026-08-17,8.7,78.3,1.829,0.0823,41.3,Mesotrophic Bloom,0.18,MODIS-Aqua / Oceansat-3 OCM / Copernicus OLCI,NASA OceanColor / Copernicus Marine (GlobColour)
South Tamil Nadu (Tuticorin),2026-08-18,8.7,78.3,2.271,0.0947,41.7,Mesotrophic Bloom,0.16,MODIS-Aqua / Oceansat-3 OCM / Copernicus OLCI,NASA OceanColor / Copernicus Marine (GlobColour)
South Tamil Nadu (Tuticorin),2026-08-19,8.7,78.3,2.651,0.1047,42.4,High Productivity Front,0.1,MODIS-Aqua / Oceansat-3 OCM / Copernicus OLCI,NASA OceanColor / Copernicus Marine (GlobColour)
South Tamil Nadu (Tuticorin),2026-08-20,8.7,78.3,1.875,0.0836,44.2,Mesotrophic Bloom,0.11,MODIS-Aqua / Oceansat-3 OCM / Copernicus OLCI,NASA OceanColor / Copernicus Marine (GlobColour)
South Tamil Nadu (Tuticorin),2026-08-21,8.7,78.3,3.774,0.1317,53.8,High Productivity Front,0.22,MODIS-Aqua / Oceansat-3 OCM / Copernicus OLCI,NASA OceanColor / Copernicus Marine (GlobColour)
South Tamil Nadu (Tuticorin),2026-08-22,8.7,78.3,1.959,0.086,50.6,Mesotrophic Bloom,0.05,MODIS-Aqua / Oceansat-3 OCM / Copernicus OLCI,NASA OceanColor / Copernicus Marine (GlobColour)
South Tamil Nadu (Tuticorin),2026-08-23,8.7,78.3,2.454,0.0996,45.9,Mesotrophic Bloom,0.07,MODIS-Aqua / Oceansat-3 OCM / Copernicus OLCI,NASA OceanColor / Copernicus Marine (GlobColour)
South Tamil Nadu (Tuticorin),2026-08-24,8.7,78.3,1.388,0.0688,46.5,Oligotrophic Water,0.16,MODIS-Aqua / Oceansat-3 OCM / Copernicus OLCI,NASA OceanColor / Copernicus Marine (GlobColour)
South Tamil Nadu (Tuticorin),2026-08-25,8.7,78.3,2.127,0.0908,53.9,Mesotrophic Bloom,0.13,MODIS-Aqua / Oceansat-3 OCM / Copernicus OLCI,NASA OceanColor / Copernicus Marine (GlobColour)
North Tamil Nadu (Chennai),2026-07-27,13.1,80.4,1.639,0.0711,47.4,Mesotrophic Bloom,0.32,MODIS-Aqua / Oceansat-3 OCM / Copernicus OLCI,NASA OceanColor / Copernicus Marine (GlobColour)
North Tamil Nadu (Chennai),2026-07-28,13.1,80.4,1.279,0.0605,53.3,Oligotrophic Water,0.17,MODIS-Aqua / Oceansat-3 OCM / Copernicus OLCI,NASA OceanColor / Copernicus Marine (GlobColour)
North Tamil Nadu (Chennai),2026-07-29,13.1,80.4,1.66,0.0717,42.7,Mesotrophic Bloom,0.13,MODIS-Aqua / Oceansat-3 OCM / Copernicus OLCI,NASA OceanColor / Copernicus Marine (GlobColour)
North Tamil Nadu (Chennai),2026-07-30,13.1,80.4,1.761,0.0745,44.0,Mesotrophic Bloom,0.22,MODIS-Aqua / Oceansat-3 OCM / Copernicus OLCI,NASA OceanColor / Copernicus Marine (GlobColour)
North Tamil Nadu (Chennai),2026-07-31,13.1,80.4,1.866,0.0774,43.9,Mesotrophic Bloom,0.27,MODIS-Aqua / Oceansat-3 OCM / Copernicus OLCI,NASA OceanColor / Copernicus Marine (GlobColour)
North Tamil Nadu (Chennai),2026-08-01,13.1,80.4,1.781,0.0751,54.3,Mesotrophic Bloom,0.19,MODIS-Aqua / Oceansat-3 OCM / Copernicus OLCI,NASA OceanColor / Copernicus Marine (GlobColour)
North Tamil Nadu (Chennai),2026-08-02,13.1,80.4,1.534,0.0681,49.5,Mesotrophic Bloom,0.07,MODIS-Aqua / Oceansat-3 OCM / Copernicus OLCI,NASA OceanColor / Copernicus Marine (GlobColour)
North Tamil Nadu (Chennai),2026-08-03,13.1,80.4,1.434,0.0652,42.2,Oligotrophic Water,0.24,MODIS-Aqua / Oceansat-3 OCM / Copernicus OLCI,NASA OceanColor / Copernicus Marine (GlobColour)
North Tamil Nadu (Chennai),2026-08-04,13.1,80.4,1.612,0.0703,47.9,Mesotrophic Bloom,0.06,MODIS-Aqua / Oceansat-3 OCM / Copernicus OLCI,NASA OceanColor / Copernicus Marine (GlobColour)
North Tamil Nadu (Chennai),2026-08-05,13.1,80.4,1.788,0.0752,45.9,Mesotrophic Bloom,0.09,MODIS-Aqua / Oceansat-3 OCM / Copernicus OLCI,NASA OceanColor / Copernicus Marine (GlobColour)
North Tamil Nadu (Chennai),2026-08-06,13.1,80.4,1.319,0.0617,54.8,Oligotrophic Water,0.16,MODIS-Aqua / Oceansat-3 OCM / Copernicus OLCI,NASA OceanColor / Copernicus Marine (GlobColour)
North Tamil Nadu (Chennai),2026-08-07,13.1,80.4,1.632,0.0709,48.3,Mesotrophic Bloom,0.12,MODIS-Aqua / Oceansat-3 OCM / Copernicus OLCI,NASA OceanColor / Copernicus Marine (GlobColour)
North Tamil Nadu (Chennai),2026-08-08,13.1,80.4,1.547,0.0685,55.6,Mesotrophic Bloom,0.09,MODIS-Aqua / Oceansat-3 OCM / Copernicus OLCI,NASA OceanColor / Copernicus Marine (GlobColour)
North Tamil Nadu (Chennai),2026-08-09,13.1,80.4,1.753,0.0743,47.6,Mesotrophic Bloom,0.08,MODIS-Aqua / Oceansat-3 OCM / Copernicus OLCI,NASA OceanColor / Copernicus Marine (GlobColour)
North Tamil Nadu (Chennai),2026-08-10,13.1,80.4,1.899,0.0782,49.6,Mesotrophic Bloom,0.11,MODIS-Aqua / Oceansat-3 OCM / Copernicus OLCI,NASA OceanColor / Copernicus Marine (GlobColour)
North Tamil Nadu (Chennai),2026-08-11,13.1,80.4,1.209,0.0583,54.3,Oligotrophic Water,0.22,MODIS-Aqua / Oceansat-3 OCM / Copernicus OLCI,NASA OceanColor / Copernicus Marine (GlobColour)
North Tamil Nadu (Chennai),2026-08-12,13.1,80.4,1.372,0.0633,39.0,Oligotrophic Water,0.1,MODIS-Aqua / Oceansat-3 OCM / Copernicus OLCI,NASA OceanColor / Copernicus Marine (GlobColour)
North Tamil Nadu (Chennai),2026-08-13,13.1,80.4,1.585,0.0696,50.9,Mesotrophic Bloom,0.19,MODIS-Aqua / Oceansat-3 OCM / Copernicus OLCI,NASA OceanColor / Copernicus Marine (GlobColour)
North Tamil Nadu (Chennai),2026-08-14,13.1,80.4,1.547,0.0685,48.9,Mesotrophic Bloom,0.24,MODIS-Aqua / Oceansat-3 OCM / Copernicus OLCI,NASA OceanColor / Copernicus Marine (GlobColour)
North Tamil Nadu (Chennai),2026-08-15,13.1,80.4,1.316,0.0617,53.1,Oligotrophic Water,0.09,MODIS-Aqua / Oceansat-3 OCM / Copernicus OLCI,NASA OceanColor / Copernicus Marine (GlobColour)
North Tamil Nadu (Chennai),2026-08-16,13.1,80.4,1.498,0.0671,41.1,Oligotrophic Water,0.27,MODIS-Aqua / Oceansat-3 OCM / Copernicus OLCI,NASA OceanColor / Copernicus Marine (GlobColour)
North Tamil Nadu (Chennai),2026-08-17,13.1,80.4,1.363,0.0631,41.9,Oligotrophic Water,0.11,MODIS-Aqua / Oceansat-3 OCM / Copernicus OLCI,NASA OceanColor / Copernicus Marine (GlobColour)
North Tamil Nadu (Chennai),2026-08-18,13.1,80.4,1.486,0.0667,42.0,Oligotrophic Water,0.14,MODIS-Aqua / Oceansat-3 OCM / Copernicus OLCI,NASA OceanColor / Copernicus Marine (GlobColour)
North Tamil Nadu (Chennai),2026-08-19,13.1,80.4,2.166,0.0852,49.6,Mesotrophic Bloom,0.22,MODIS-Aqua / Oceansat-3 OCM / Copernicus OLCI,NASA OceanColor / Copernicus Marine (GlobColour)
North Tamil Nadu (Chennai),2026-08-20,13.1,80.4,1.555,0.0687,54.2,Mesotrophic Bloom,0.28,MODIS-Aqua / Oceansat-3 OCM / Copernicus OLCI,NASA OceanColor / Copernicus Marine (GlobColour)
North Tamil Nadu (Chennai),2026-08-21,13.1,80.4,1.413,0.0646,51.3,Oligotrophic Water,0.16,MODIS-Aqua / Oceansat-3 OCM / Copernicus OLCI,NASA OceanColor / Copernicus Marine (GlobColour)
North Tamil Nadu (Chennai),2026-08-22,13.1,80.4,2.135,0.0844,48.5,Mesotrophic Bloom,0.28,MODIS-Aqua / Oceansat-3 OCM / Copernicus OLCI,NASA OceanColor / Copernicus Marine (GlobColour)
North Tamil Nadu (Chennai),2026-08-23,13.1,80.4,1.214,0.0585,52.2,Oligotrophic Water,0.34,MODIS-Aqua / Oceansat-3 OCM / Copernicus OLCI,NASA OceanColor / Copernicus Marine (GlobColour)
North Tamil Nadu (Chennai),2026-08-24,13.1,80.4,1.388,0.0638,51.9,Oligotrophic Water,0.12,MODIS-Aqua / Oceansat-3 OCM / Copernicus OLCI,NASA OceanColor / Copernicus Marine (GlobColour)
North Tamil Nadu (Chennai),2026-08-25,13.1,80.4,1.919,0.0788,49.1,Mesotrophic Bloom,0.13,MODIS-Aqua / Oceansat-3 OCM / Copernicus OLCI,NASA OceanColor / Copernicus Marine (GlobColour)
Andhra Pradesh (Visakhapatnam),2026-07-27,17.6,83.4,1.82,0.0806,38.8,Mesotrophic Bloom,0.09,MODIS-Aqua / Oceansat-3 OCM / Copernicus OLCI,NASA OceanColor / Copernicus Marine (GlobColour)
Andhra Pradesh (Visakhapatnam),2026-07-28,17.6,83.4,2.091,0.0882,43.3,Mesotrophic Bloom,0.16,MODIS-Aqua / Oceansat-3 OCM / Copernicus OLCI,NASA OceanColor / Copernicus Marine (GlobColour)
Andhra Pradesh (Visakhapatnam),2026-07-29,17.6,83.4,1.418,0.0685,41.7,Oligotrophic Water,0.06,MODIS-Aqua / Oceansat-3 OCM / Copernicus OLCI,NASA OceanColor / Copernicus Marine (GlobColour)
Andhra Pradesh (Visakhapatnam),2026-07-30,17.6,83.4,1.892,0.0826,43.6,Mesotrophic Bloom,0.24,MODIS-Aqua / Oceansat-3 OCM / Copernicus OLCI,NASA OceanColor / Copernicus Marine (GlobColour)
Andhra Pradesh (Visakhapatnam),2026-07-31,17.6,83.4,2.036,0.0867,48.0,Mesotrophic Bloom,0.26,MODIS-Aqua / Oceansat-3 OCM / Copernicus OLCI,NASA OceanColor / Copernicus Marine (GlobColour)
Andhra Pradesh (Visakhapatnam),2026-08-01,17.6,83.4,2.127,0.0892,42.0,Mesotrophic Bloom,0.1,MODIS-Aqua / Oceansat-3 OCM / Copernicus OLCI,NASA OceanColor / Copernicus Marine (GlobColour)
Andhra Pradesh (Visakhapatnam),2026-08-02,17.6,83.4,1.479,0.0704,49.1,Oligotrophic Water,0.2,MODIS-Aqua / Oceansat-3 OCM / Copernicus OLCI,NASA OceanColor / Copernicus Marine (GlobColour)
Andhra Pradesh (Visakhapatnam),2026-08-03,17.6,83.4,1.466,0.07,45.2,Oligotrophic Water,0.28,MODIS-Aqua / Oceansat-3 OCM / Copernicus OLCI,NASA OceanColor / Copernicus Marine (GlobColour)
Andhra Pradesh (Visakhapatnam),2026-08-04,17.6,83.4,1.838,0.0811,49.5,Mesotrophic Bloom,0.13,MODIS-Aqua / Oceansat-3 OCM / Copernicus OLCI,NASA OceanColor / Copernicus Marine (GlobColour)
Andhra Pradesh (Visakhapatnam),2026-08-05,17.6,83.4,2.176,0.0905,41.1,Mesotrophic Bloom,0.25,MODIS-Aqua / Oceansat-3 OCM / Copernicus OLCI,NASA OceanColor / Copernicus Marine (GlobColour)
Andhra Pradesh (Visakhapatnam),2026-08-06,17.6,83.4,1.762,0.0789,47.7,Mesotrophic Bloom,0.18,MODIS-Aqua / Oceansat-3 OCM / Copernicus OLCI,NASA OceanColor / Copernicus Marine (GlobColour)
Andhra Pradesh (Visakhapatnam),2026-08-07,17.6,83.4,1.657,0.0758,40.3,Mesotrophic Bloom,0.07,MODIS-Aqua / Oceansat-3 OCM / Copernicus OLCI,NASA OceanColor / Copernicus Marine (GlobColour)
Andhra Pradesh (Visakhapatnam),2026-08-08,17.6,83.4,1.953,0.0844,39.4,Mesotrophic Bloom,0.06,MODIS-Aqua / Oceansat-3 OCM / Copernicus OLCI,NASA OceanColor / Copernicus Marine (GlobColour)
Andhra Pradesh (Visakhapatnam),2026-08-09,17.6,83.4,2.233,0.092,39.2,Mesotrophic Bloom,0.34,MODIS-Aqua / Oceansat-3 OCM / Copernicus OLCI,NASA OceanColor / Copernicus Marine (GlobColour)
Andhra Pradesh (Visakhapatnam),2026-08-10,17.6,83.4,1.793,0.0798,39.6,Mesotrophic Bloom,0.28,MODIS-Aqua / Oceansat-3 OCM / Copernicus OLCI,NASA OceanColor / Copernicus Marine (GlobColour)
Andhra Pradesh (Visakhapatnam),2026-08-11,17.6,83.4,1.816,0.0805,54.9,Mesotrophic Bloom,0.27,MODIS-Aqua / Oceansat-3 OCM / Copernicus OLCI,NASA OceanColor / Copernicus Marine (GlobColour)
Andhra Pradesh (Visakhapatnam),2026-08-12,17.6,83.4,1.801,0.08,38.8,Mesotrophic Bloom,0.34,MODIS-Aqua / Oceansat-3 OCM / Copernicus OLCI,NASA OceanColor / Copernicus Marine (GlobColour)
Andhra Pradesh (Visakhapatnam),2026-08-13,17.6,83.4,1.627,0.0749,52.5,Mesotrophic Bloom,0.26,MODIS-Aqua / Oceansat-3 OCM / Copernicus OLCI,NASA OceanColor / Copernicus Marine (GlobColour)
Andhra Pradesh (Visakhapatnam),2026-08-14,17.6,83.4,1.732,0.078,47.5,Mesotrophic Bloom,0.22,MODIS-Aqua / Oceansat-3 OCM / Copernicus OLCI,NASA OceanColor / Copernicus Marine (GlobColour)
Andhra Pradesh (Visakhapatnam),2026-08-15,17.6,83.4,1.53,0.072,41.1,Mesotrophic Bloom,0.31,MODIS-Aqua / Oceansat-3 OCM / Copernicus OLCI,NASA OceanColor / Copernicus Marine (GlobColour)
Andhra Pradesh (Visakhapatnam),2026-08-16,17.6,83.4,2.864,0.1082,38.1,High Productivity Front,0.07,MODIS-Aqua / Oceansat-3 OCM / Copernicus OLCI,NASA OceanColor / Copernicus Marine (GlobColour)
Andhra Pradesh (Visakhapatnam),2026-08-17,17.6,83.4,1.683,0.0766,50.6,Mesotrophic Bloom,0.07,MODIS-Aqua / Oceansat-3 OCM / Copernicus OLCI,NASA OceanColor / Copernicus Marine (GlobColour)
Andhra Pradesh (Visakhapatnam),2026-08-18,17.6,83.4,1.98,0.0851,44.6,Mesotrophic Bloom,0.33,MODIS-Aqua / Oceansat-3 OCM / Copernicus OLCI,NASA OceanColor / Copernicus Marine (GlobColour)
Andhra Pradesh (Visakhapatnam),2026-08-19,17.6,83.4,1.246,0.063,47.8,Oligotrophic Water,0.12,MODIS-Aqua / Oceansat-3 OCM / Copernicus OLCI,NASA OceanColor / Copernicus Marine (GlobColour)
Andhra Pradesh (Visakhapatnam),2026-08-20,17.6,83.4,1.599,0.0741,54.7,Mesotrophic Bloom,0.14,MODIS-Aqua / Oceansat-3 OCM / Copernicus OLCI,NASA OceanColor / Copernicus Marine (GlobColour)
Andhra Pradesh (Visakhapatnam),2026-08-21,17.6,83.4,1.716,0.0776,39.7,Mesotrophic Bloom,0.08,MODIS-Aqua / Oceansat-3 OCM / Copernicus OLCI,NASA OceanColor / Copernicus Marine (GlobColour)
Andhra Pradesh (Visakhapatnam),2026-08-22,17.6,83.4,1.976,0.085,48.0,Mesotrophic Bloom,0.25,MODIS-Aqua / Oceansat-3 OCM / Copernicus OLCI,NASA OceanColor / Copernicus Marine (GlobColour)
Andhra Pradesh (Visakhapatnam),2026-08-23,17.6,83.4,2.337,0.0948,43.0,Mesotrophic Bloom,0.17,MODIS-Aqua / Oceansat-3 OCM / Copernicus OLCI,NASA OceanColor / Copernicus Marine (GlobColour)
Andhra Pradesh (Visakhapatnam),2026-08-24,17.6,83.4,2.887,0.1088,55.5,High Productivity Front,0.11,MODIS-Aqua / Oceansat-3 OCM / Copernicus OLCI,NASA OceanColor / Copernicus Marine (GlobColour)
Andhra Pradesh (Visakhapatnam),2026-08-25,17.6,83.4,2.254,0.0926,54.5,Mesotrophic Bloom,0.05,MODIS-Aqua / Oceansat-3 OCM / Copernicus OLCI,NASA OceanColor / Copernicus Marine (GlobColour)
Odisha (Paradip-Mahanadi Plume),2026-07-27,20.3,86.8,2.632,0.1355,54.2,High Productivity Front,0.07,MODIS-Aqua / Oceansat-3 OCM / Copernicus OLCI,NASA OceanColor / Copernicus Marine (GlobColour)
Odisha (Paradip-Mahanadi Plume),2026-07-28,20.3,86.8,2.639,0.1357,40.7,High Productivity Front,0.19,MODIS-Aqua / Oceansat-3 OCM / Copernicus OLCI,NASA OceanColor / Copernicus Marine (GlobColour)
Odisha (Paradip-Mahanadi Plume),2026-07-29,20.3,86.8,1.973,0.1123,43.0,Mesotrophic Bloom,0.08,MODIS-Aqua / Oceansat-3 OCM / Copernicus OLCI,NASA OceanColor / Copernicus Marine (GlobColour)
Odisha (Paradip-Mahanadi Plume),2026-07-30,20.3,86.8,3.386,0.1596,55.3,High Productivity Front,0.3,MODIS-Aqua / Oceansat-3 OCM / Copernicus OLCI,NASA OceanColor / Copernicus Marine (GlobColour)
Odisha (Paradip-Mahanadi Plume),2026-07-31,20.3,86.8,4.062,0.1796,42.6,High Productivity Front,0.26,MODIS-Aqua / Oceansat-3 OCM / Copernicus OLCI,NASA OceanColor / Copernicus Marine (GlobColour)
Odisha (Paradip-Mahanadi Plume),2026-08-01,20.3,86.8,6.015,0.2318,38.7,High Productivity Front,0.25,MODIS-Aqua / Oceansat-3 OCM / Copernicus OLCI,NASA OceanColor / Copernicus Marine (GlobColour)
Odisha (Paradip-Mahanadi Plume),2026-08-02,20.3,86.8,2.931,0.1453,46.8,High Productivity Front,0.3,MODIS-Aqua / Oceansat-3 OCM / Copernicus OLCI,NASA OceanColor / Copernicus Marine (GlobColour)
Odisha (Paradip-Mahanadi Plume),2026-08-03,20.3,86.8,4.839,0.2013,47.9,High Productivity Front,0.15,MODIS-Aqua / Oceansat-3 OCM / Copernicus OLCI,NASA OceanColor / Copernicus Marine (GlobColour)
Odisha (Paradip-Mahanadi Plume),2026-08-04,20.3,86.8,4.952,0.2043,46.6,High Productivity Front,0.17,MODIS-Aqua / Oceansat-3 OCM / Copernicus OLCI,NASA OceanColor / Copernicus Marine (GlobColour)
Odisha (Paradip-Mahanadi Plume),2026-08-05,20.3,86.8,2.501,0.131,39.9,High Productivity Front,0.25,MODIS-Aqua / Oceansat-3 OCM / Copernicus OLCI,NASA OceanColor / Copernicus Marine (GlobColour)
Odisha (Paradip-Mahanadi Plume),2026-08-06,20.3,86.8,2.958,0.1462,55.1,High Productivity Front,0.13,MODIS-Aqua / Oceansat-3 OCM / Copernicus OLCI,NASA OceanColor / Copernicus Marine (GlobColour)
Odisha (Paradip-Mahanadi Plume),2026-08-07,20.3,86.8,3.243,0.1552,39.4,High Productivity Front,0.18,MODIS-Aqua / Oceansat-3 OCM / Copernicus OLCI,NASA OceanColor / Copernicus Marine (GlobColour)
Odisha (Paradip-Mahanadi Plume),2026-08-08,20.3,86.8,3.938,0.176,42.7,High Productivity Front,0.21,MODIS-Aqua / Oceansat-3 OCM / Copernicus OLCI,NASA OceanColor / Copernicus Marine (GlobColour)
Odisha (Paradip-Mahanadi Plume),2026-08-09,20.3,86.8,2.284,0.1235,46.2,Mesotrophic Bloom,0.27,MODIS-Aqua / Oceansat-3 OCM / Copernicus OLCI,NASA OceanColor / Copernicus Marine (GlobColour)
Odisha (Paradip-Mahanadi Plume),2026-08-10,20.3,86.8,4.981,0.2051,49.8,High Productivity Front,0.1,MODIS-Aqua / Oceansat-3 OCM / Copernicus OLCI,NASA OceanColor / Copernicus Marine (GlobColour)
Odisha (Paradip-Mahanadi Plume),2026-08-11,20.3,86.8,3.634,0.1671,50.2,High Productivity Front,0.31,MODIS-Aqua / Oceansat-3 OCM / Copernicus OLCI,NASA OceanColor / Copernicus Marine (GlobColour)
Odisha (Paradip-Mahanadi Plume),2026-08-12,20.3,86.8,2.572,0.1335,39.3,High Productivity Front,0.34,MODIS-Aqua / Oceansat-3 OCM / Copernicus OLCI,NASA OceanColor / Copernicus Marine (GlobColour)
Odisha (Paradip-Mahanadi Plume),2026-08-13,20.3,86.8,3.026,0.1483,54.1,High Productivity Front,0.31,MODIS-Aqua / Oceansat-3 OCM / Copernicus OLCI,NASA OceanColor / Copernicus Marine (GlobColour)
Odisha (Paradip-Mahanadi Plume),2026-08-14,20.3,86.8,2.889,0.1439,49.0,High Productivity Front,0.28,MODIS-Aqua / Oceansat-3 OCM / Copernicus OLCI,NASA OceanColor / Copernicus Marine (GlobColour)
Odisha (Paradip-Mahanadi Plume),2026-08-15,20.3,86.8,3.675,0.1683,43.7,High Productivity Front,0.13,MODIS-Aqua / Oceansat-3 OCM / Copernicus OLCI,NASA OceanColor / Copernicus Marine (GlobColour)
Odisha (Paradip-Mahanadi Plume),2026-08-16,20.3,86.8,2.582,0.1338,42.1,High Productivity Front,0.1,MODIS-Aqua / Oceansat-3 OCM / Copernicus OLCI,NASA OceanColor / Copernicus Marine (GlobColour)
Odisha (Paradip-Mahanadi Plume),2026-08-17,20.3,86.8,3.035,0.1486,50.9,High Productivity Front,0.3,MODIS-Aqua / Oceansat-3 OCM / Copernicus OLCI,NASA OceanColor / Copernicus Marine (GlobColour)
Odisha (Paradip-Mahanadi Plume),2026-08-18,20.3,86.8,3.985,0.1774,48.3,High Productivity Front,0.14,MODIS-Aqua / Oceansat-3 OCM / Copernicus OLCI,NASA OceanColor / Copernicus Marine (GlobColour)
Odisha (Paradip-Mahanadi Plume),2026-08-19,20.3,86.8,2.793,0.1408,52.5,High Productivity Front,0.07,MODIS-Aqua / Oceansat-3 OCM / Copernicus OLCI,NASA OceanColor / Copernicus Marine (GlobColour)
Odisha (Paradip-Mahanadi Plume),2026-08-20,20.3,86.8,2.784,0.1405,53.1,High Productivity Front,0.32,MODIS-Aqua / Oceansat-3 OCM / Copernicus OLCI,NASA OceanColor / Copernicus Marine (GlobColour)
Odisha (Paradip-Mahanadi Plume),2026-08-21,20.3,86.8,1.909,0.1099,50.1,Mesotrophic Bloom,0.29,MODIS-Aqua / Oceansat-3 OCM / Copernicus OLCI,NASA OceanColor / Copernicus Marine (GlobColour)
Odisha (Paradip-Mahanadi Plume),2026-08-22,20.3,86.8,5.304,0.2136,55.5,High Productivity Front,0.21,MODIS-Aqua / Oceansat-3 OCM / Copernicus OLCI,NASA OceanColor / Copernicus Marine (GlobColour)
Odisha (Paradip-Mahanadi Plume),2026-08-23,20.3,86.8,3.451,0.1616,50.3,High Productivity Front,0.21,MODIS-Aqua / Oceansat-3 OCM / Copernicus OLCI,NASA OceanColor / Copernicus Marine (GlobColour)
Odisha (Paradip-Mahanadi Plume),2026-08-24,20.3,86.8,3.414,0.1604,55.7,High Productivity Front,0.31,MODIS-Aqua / Oceansat-3 OCM / Copernicus OLCI,NASA OceanColor / Copernicus Marine (GlobColour)
Odisha (Paradip-Mahanadi Plume),2026-08-25,20.3,86.8,3.902,0.175,46.5,High Productivity Front,0.14,MODIS-Aqua / Oceansat-3 OCM / Copernicus OLCI,NASA OceanColor / Copernicus Marine (GlobColour)
West Bengal (Sundarbans / Ganga Plume),2026-07-27,21.7,87.8,4.966,0.2346,51.5,High Productivity Front,0.08,MODIS-Aqua / Oceansat-3 OCM / Copernicus OLCI,NASA OceanColor / Copernicus Marine (GlobColour)
West Bengal (Sundarbans / Ganga Plume),2026-07-28,21.7,87.8,4.407,0.217,40.9,High Productivity Front,0.22,MODIS-Aqua / Oceansat-3 OCM / Copernicus OLCI,NASA OceanColor / Copernicus Marine (GlobColour)
West Bengal (Sundarbans / Ganga Plume),2026-07-29,21.7,87.8,3.428,0.1843,51.9,High Productivity Front,0.29,MODIS-Aqua / Oceansat-3 OCM / Copernicus OLCI,NASA OceanColor / Copernicus Marine (GlobColour)
West Bengal (Sundarbans / Ganga Plume),2026-07-30,21.7,87.8,6.391,0.2763,42.2,High Productivity Front,0.13,MODIS-Aqua / Oceansat-3 OCM / Copernicus OLCI,NASA OceanColor / Copernicus Marine (GlobColour)
West Bengal (Sundarbans / Ganga Plume),2026-07-31,21.7,87.8,3.49,0.1865,49.7,High Productivity Front,0.12,MODIS-Aqua / Oceansat-3 OCM / Copernicus OLCI,NASA OceanColor / Copernicus Marine (GlobColour)
West Bengal (Sundarbans / Ganga Plume),2026-08-01,21.7,87.8,4.672,0.2254,38.7,High Productivity Front,0.31,MODIS-Aqua / Oceansat-3 OCM / Copernicus OLCI,NASA OceanColor / Copernicus Marine (GlobColour)
West Bengal (Sundarbans / Ganga Plume),2026-08-02,21.7,87.8,3.638,0.1916,54.0,High Productivity Front,0.2,MODIS-Aqua / Oceansat-3 OCM / Copernicus OLCI,NASA OceanColor / Copernicus Marine (GlobColour)
West Bengal (Sundarbans / Ganga Plume),2026-08-03,21.7,87.8,4.274,0.2128,51.3,High Productivity Front,0.25,MODIS-Aqua / Oceansat-3 OCM / Copernicus OLCI,NASA OceanColor / Copernicus Marine (GlobColour)
West Bengal (Sundarbans / Ganga Plume),2026-08-04,21.7,87.8,3.927,0.2014,46.4,High Productivity Front,0.28,MODIS-Aqua / Oceansat-3 OCM / Copernicus OLCI,NASA OceanColor / Copernicus Marine (GlobColour)
West Bengal (Sundarbans / Ganga Plume),2026-08-05,21.7,87.8,4.984,0.2351,43.6,High Productivity Front,0.27,MODIS-Aqua / Oceansat-3 OCM / Copernicus OLCI,NASA OceanColor / Copernicus Marine (GlobColour)
West Bengal (Sundarbans / Ganga Plume),2026-08-06,21.7,87.8,4.259,0.2123,50.3,High Productivity Front,0.31,MODIS-Aqua / Oceansat-3 OCM / Copernicus OLCI,NASA OceanColor / Copernicus Marine (GlobColour)
West Bengal (Sundarbans / Ganga Plume),2026-08-07,21.7,87.8,4.64,0.2244,42.0,High Productivity Front,0.07,MODIS-Aqua / Oceansat-3 OCM / Copernicus OLCI,NASA OceanColor / Copernicus Marine (GlobColour)
West Bengal (Sundarbans / Ganga Plume),2026-08-08,21.7,87.8,3.026,0.17,45.1,High Productivity Front,0.18,MODIS-Aqua / Oceansat-3 OCM / Copernicus OLCI,NASA OceanColor / Copernicus Marine (GlobColour)
West Bengal (Sundarbans / Ganga Plume),2026-08-09,21.7,87.8,4.144,0.2085,56.0,High Productivity Front,0.24,MODIS-Aqua / Oceansat-3 OCM / Copernicus OLCI,NASA OceanColor / Copernicus Marine (GlobColour)
West Bengal (Sundarbans / Ganga Plume),2026-08-10,21.7,87.8,4.865,0.2314,40.1,High Productivity Front,0.15,MODIS-Aqua / Oceansat-3 OCM / Copernicus OLCI,NASA OceanColor / Copernicus Marine (GlobColour)
West Bengal (Sundarbans / Ganga Plume),2026-08-11,21.7,87.8,5.327,0.2455,45.2,High Productivity Front,0.31,MODIS-Aqua / Oceansat-3 OCM / Copernicus OLCI,NASA OceanColor / Copernicus Marine (GlobColour)
West Bengal (Sundarbans / Ganga Plume),2026-08-12,21.7,87.8,4.527,0.2209,40.2,High Productivity Front,0.25,MODIS-Aqua / Oceansat-3 OCM / Copernicus OLCI,NASA OceanColor / Copernicus Marine (GlobColour)
West Bengal (Sundarbans / Ganga Plume),2026-08-13,21.7,87.8,4.069,0.2061,42.7,High Productivity Front,0.06,MODIS-Aqua / Oceansat-3 OCM / Copernicus OLCI,NASA OceanColor / Copernicus Marine (GlobColour)
West Bengal (Sundarbans / Ganga Plume),2026-08-14,21.7,87.8,4.125,0.2079,46.9,High Productivity Front,0.12,MODIS-Aqua / Oceansat-3 OCM / Copernicus OLCI,NASA OceanColor / Copernicus Marine (GlobColour)
West Bengal (Sundarbans / Ganga Plume),2026-08-15,21.7,87.8,4.335,0.2147,49.1,High Productivity Front,0.08,MODIS-Aqua / Oceansat-3 OCM / Copernicus OLCI,NASA OceanColor / Copernicus Marine (GlobColour)
West Bengal (Sundarbans / Ganga Plume),2026-08-16,21.7,87.8,3.921,0.2012,43.7,High Productivity Front,0.3,MODIS-Aqua / Oceansat-3 OCM / Copernicus OLCI,NASA OceanColor / Copernicus Marine (GlobColour)
West Bengal (Sundarbans / Ganga Plume),2026-08-17,21.7,87.8,4.742,0.2276,49.3,High Productivity Front,0.24,MODIS-Aqua / Oceansat-3 OCM / Copernicus OLCI,NASA OceanColor / Copernicus Marine (GlobColour)
West Bengal (Sundarbans / Ganga Plume),2026-08-18,21.7,87.8,2.785,0.1611,50.5,High Productivity Front,0.14,MODIS-Aqua / Oceansat-3 OCM / Copernicus OLCI,NASA OceanColor / Copernicus Marine (GlobColour)
West Bengal (Sundarbans / Ganga Plume),2026-08-19,21.7,87.8,4.05,0.2054,53.0,High Productivity Front,0.08,MODIS-Aqua / Oceansat-3 OCM / Copernicus OLCI,NASA OceanColor / Copernicus Marine (GlobColour)
West Bengal (Sundarbans / Ganga Plume),2026-08-20,21.7,87.8,4.224,0.2111,46.8,High Productivity Front,0.19,MODIS-Aqua / Oceansat-3 OCM / Copernicus OLCI,NASA OceanColor / Copernicus Marine (GlobColour)
West Bengal (Sundarbans / Ganga Plume),2026-08-21,21.7,87.8,5.497,0.2506,42.1,High Productivity Front,0.1,MODIS-Aqua / Oceansat-3 OCM / Copernicus OLCI,NASA OceanColor / Copernicus Marine (GlobColour)
West Bengal (Sundarbans / Ganga Plume),2026-08-22,21.7,87.8,5.025,0.2364,45.6,High Productivity Front,0.21,MODIS-Aqua / Oceansat-3 OCM / Copernicus OLCI,NASA OceanColor / Copernicus Marine (GlobColour)
West Bengal (Sundarbans / Ganga Plume),2026-08-23,21.7,87.8,3.211,0.1767,47.5,High Productivity Front,0.11,MODIS-Aqua / Oceansat-3 OCM / Copernicus OLCI,NASA OceanColor / Copernicus Marine (GlobColour)
West Bengal (Sundarbans / Ganga Plume),2026-08-24,21.7,87.8,4.834,0.2305,44.9,High Productivity Front,0.13,MODIS-Aqua / Oceansat-3 OCM / Copernicus OLCI,NASA OceanColor / Copernicus Marine (GlobColour)
West Bengal (Sundarbans / Ganga Plume),2026-08-25,21.7,87.8,5.661,0.2554,53.7,High Productivity Front,0.27,MODIS-Aqua / Oceansat-3 OCM / Copernicus OLCI,NASA OceanColor / Copernicus Marine (GlobColour)
Lakshadweep Atolls,2026-07-27,10.5,72.6,0.4,0.0324,50.5,Oligotrophic Water,0.1,MODIS-Aqua / Oceansat-3 OCM / Copernicus OLCI,NASA OceanColor / Copernicus Marine (GlobColour)
Lakshadweep Atolls,2026-07-28,10.5,72.6,0.311,0.0275,45.0,Oligotrophic Water,0.18,MODIS-Aqua / Oceansat-3 OCM / Copernicus OLCI,NASA OceanColor / Copernicus Marine (GlobColour)
Lakshadweep Atolls,2026-07-29,10.5,72.6,0.437,0.0343,43.1,Oligotrophic Water,0.15,MODIS-Aqua / Oceansat-3 OCM / Copernicus OLCI,NASA OceanColor / Copernicus Marine (GlobColour)
Lakshadweep Atolls,2026-07-30,10.5,72.6,0.404,0.0326,49.6,Oligotrophic Water,0.21,MODIS-Aqua / Oceansat-3 OCM / Copernicus OLCI,NASA OceanColor / Copernicus Marine (GlobColour)
Lakshadweep Atolls,2026-07-31,10.5,72.6,0.333,0.0288,42.8,Oligotrophic Water,0.23,MODIS-Aqua / Oceansat-3 OCM / Copernicus OLCI,NASA OceanColor / Copernicus Marine (GlobColour)
Lakshadweep Atolls,2026-08-01,10.5,72.6,0.297,0.0267,41.3,Oligotrophic Water,0.22,MODIS-Aqua / Oceansat-3 OCM / Copernicus OLCI,NASA OceanColor / Copernicus Marine (GlobColour)
Lakshadweep Atolls,2026-08-02,10.5,72.6,0.545,0.0396,47.4,Oligotrophic Water,0.11,MODIS-Aqua / Oceansat-3 OCM / Copernicus OLCI,NASA OceanColor / Copernicus Marine (GlobColour)
Lakshadweep Atolls,2026-08-03,10.5,72.6,0.8,0.0509,39.3,Oligotrophic Water,0.08,MODIS-Aqua / Oceansat-3 OCM / Copernicus OLCI,NASA OceanColor / Copernicus Marine (GlobColour)
Lakshadweep Atolls,2026-08-04,10.5,72.6,0.445,0.0347,42.0,Oligotrophic Water,0.31,MODIS-Aqua / Oceansat-3 OCM / Copernicus OLCI,NASA OceanColor / Copernicus Marine (GlobColour)
Lakshadweep Atolls,2026-08-05,10.5,72.6,0.576,0.0411,46.3,Oligotrophic Water,0.23,MODIS-Aqua / Oceansat-3 OCM / Copernicus OLCI,NASA OceanColor / Copernicus Marine (GlobColour)
Lakshadweep Atolls,2026-08-06,10.5,72.6,0.488,0.0369,44.1,Oligotrophic Water,0.35,MODIS-Aqua / Oceansat-3 OCM / Copernicus OLCI,NASA OceanColor / Copernicus Marine (GlobColour)
Lakshadweep Atolls,2026-08-07,10.5,72.6,0.491,0.037,55.3,Oligotrophic Water,0.18,MODIS-Aqua / Oceansat-3 OCM / Copernicus OLCI,NASA OceanColor / Copernicus Marine (GlobColour)
Lakshadweep Atolls,2026-08-08,10.5,72.6,0.677,0.0456,52.1,Oligotrophic Water,0.34,MODIS-Aqua / Oceansat-3 OCM / Copernicus OLCI,NASA OceanColor / Copernicus Marine (GlobColour)
Lakshadweep Atolls,2026-08-09,10.5,72.6,0.462,0.0356,54.7,Oligotrophic Water,0.24,MODIS-Aqua / Oceansat-3 OCM / Copernicus OLCI,NASA OceanColor / Copernicus Marine (GlobColour)
Lakshadweep Atolls,2026-08-10,10.5,72.6,0.348,0.0296,40.4,Oligotrophic Water,0.11,MODIS-Aqua / Oceansat-3 OCM / Copernicus OLCI,NASA OceanColor / Copernicus Marine (GlobColour)
Lakshadweep Atolls,2026-08-11,10.5,72.6,0.494,0.0372,40.0,Oligotrophic Water,0.31,MODIS-Aqua / Oceansat-3 OCM / Copernicus OLCI,NASA OceanColor / Copernicus Marine (GlobColour)
Lakshadweep Atolls,2026-08-12,10.5,72.6,0.266,0.0249,47.5,Oligotrophic Water,0.34,MODIS-Aqua / Oceansat-3 OCM / Copernicus OLCI,NASA OceanColor / Copernicus Marine (GlobColour)
Lakshadweep Atolls,2026-08-13,10.5,72.6,0.464,0.0357,53.5,Oligotrophic Water,0.12,MODIS-Aqua / Oceansat-3 OCM / Copernicus OLCI,NASA OceanColor / Copernicus Marine (GlobColour)
Lakshadweep Atolls,2026-08-14,10.5,72.6,0.401,0.0325,39.2,Oligotrophic Water,0.13,MODIS-Aqua / Oceansat-3 OCM / Copernicus OLCI,NASA OceanColor / Copernicus Marine (GlobColour)
Lakshadweep Atolls,2026-08-15,10.5,72.6,0.518,0.0384,41.3,Oligotrophic Water,0.13,MODIS-Aqua / Oceansat-3 OCM / Copernicus OLCI,NASA OceanColor / Copernicus Marine (GlobColour)
Lakshadweep Atolls,2026-08-16,10.5,72.6,0.389,0.0318,50.4,Oligotrophic Water,0.08,MODIS-Aqua / Oceansat-3 OCM / Copernicus OLCI,NASA OceanColor / Copernicus Marine (GlobColour)
Lakshadweep Atolls,2026-08-17,10.5,72.6,0.359,0.0302,39.1,Oligotrophic Water,0.26,MODIS-Aqua / Oceansat-3 OCM / Copernicus OLCI,NASA OceanColor / Copernicus Marine (GlobColour)
Lakshadweep Atolls,2026-08-18,10.5,72.6,0.572,0.0409,55.0,Oligotrophic Water,0.27,MODIS-Aqua / Oceansat-3 OCM / Copernicus OLCI,NASA OceanColor / Copernicus Marine (GlobColour)
Lakshadweep Atolls,2026-08-19,10.5,72.6,0.53,0.0389,41.6,Oligotrophic Water,0.16,MODIS-Aqua / Oceansat-3 OCM / Copernicus OLCI,NASA OceanColor / Copernicus Marine (GlobColour)
Lakshadweep Atolls,2026-08-20,10.5,72.6,0.583,0.0414,41.0,Oligotrophic Water,0.19,MODIS-Aqua / Oceansat-3 OCM / Copernicus OLCI,NASA OceanColor / Copernicus Marine (GlobColour)
Lakshadweep Atolls,2026-08-21,10.5,72.6,0.349,0.0297,43.6,Oligotrophic Water,0.28,MODIS-Aqua / Oceansat-3 OCM / Copernicus OLCI,NASA OceanColor / Copernicus Marine (GlobColour)
Lakshadweep Atolls,2026-08-22,10.5,72.6,0.388,0.0318,41.5,Oligotrophic Water,0.1,MODIS-Aqua / Oceansat-3 OCM / Copernicus OLCI,NASA OceanColor / Copernicus Marine (GlobColour)
Lakshadweep Atolls,2026-08-23,10.5,72.6,0.507,0.0378,39.2,Oligotrophic Water,0.06,MODIS-Aqua / Oceansat-3 OCM / Copernicus OLCI,NASA OceanColor / Copernicus Marine (GlobColour)
Lakshadweep Atolls,2026-08-24,10.5,72.6,0.489,0.0369,39.7,Oligotrophic Water,0.18,MODIS-Aqua / Oceansat-3 OCM / Copernicus OLCI,NASA OceanColor / Copernicus Marine (GlobColour)
Lakshadweep Atolls,2026-08-25,10.5,72.6,0.529,0.0389,54.5,Oligotrophic Water,0.14,MODIS-Aqua / Oceansat-3 OCM / Copernicus OLCI,NASA OceanColor / Copernicus Marine (GlobColour)
Andaman Sea (Port Blair),2026-07-27,11.6,92.7,0.747,0.0493,38.4,Oligotrophic Water,0.16,MODIS-Aqua / Oceansat-3 OCM / Copernicus OLCI,NASA OceanColor / Copernicus Marine (GlobColour)
Andaman Sea (Port Blair),2026-07-28,11.6,92.7,0.649,0.045,52.8,Oligotrophic Water,0.06,MODIS-Aqua / Oceansat-3 OCM / Copernicus OLCI,NASA OceanColor / Copernicus Marine (GlobColour)
Andaman Sea (Port Blair),2026-07-29,11.6,92.7,0.965,0.0582,53.8,Oligotrophic Water,0.06,MODIS-Aqua / Oceansat-3 OCM / Copernicus OLCI,NASA OceanColor / Copernicus Marine (GlobColour)
Andaman Sea (Port Blair),2026-07-30,11.6,92.7,0.618,0.0435,46.5,Oligotrophic Water,0.08,MODIS-Aqua / Oceansat-3 OCM / Copernicus OLCI,NASA OceanColor / Copernicus Marine (GlobColour)
Andaman Sea (Port Blair),2026-07-31,11.6,92.7,0.765,0.05,49.7,Oligotrophic Water,0.19,MODIS-Aqua / Oceansat-3 OCM / Copernicus OLCI,NASA OceanColor / Copernicus Marine (GlobColour)
Andaman Sea (Port Blair),2026-08-01,11.6,92.7,0.372,0.0313,42.1,Oligotrophic Water,0.28,MODIS-Aqua / Oceansat-3 OCM / Copernicus OLCI,NASA OceanColor / Copernicus Marine (GlobColour)
Andaman Sea (Port Blair),2026-08-02,11.6,92.7,0.675,0.0461,40.5,Oligotrophic Water,0.05,MODIS-Aqua / Oceansat-3 OCM / Copernicus OLCI,NASA OceanColor / Copernicus Marine (GlobColour)
Andaman Sea (Port Blair),2026-08-03,11.6,92.7,0.503,0.0381,49.2,Oligotrophic Water,0.07,MODIS-Aqua / Oceansat-3 OCM / Copernicus OLCI,NASA OceanColor / Copernicus Marine (GlobColour)
Andaman Sea (Port Blair),2026-08-04,11.6,92.7,0.526,0.0392,43.1,Oligotrophic Water,0.32,MODIS-Aqua / Oceansat-3 OCM / Copernicus OLCI,NASA OceanColor / Copernicus Marine (GlobColour)
Andaman Sea (Port Blair),2026-08-05,11.6,92.7,0.689,0.0467,54.0,Oligotrophic Water,0.24,MODIS-Aqua / Oceansat-3 OCM / Copernicus OLCI,NASA OceanColor / Copernicus Marine (GlobColour)
Andaman Sea (Port Blair),2026-08-06,11.6,92.7,0.669,0.0459,39.8,Oligotrophic Water,0.34,MODIS-Aqua / Oceansat-3 OCM / Copernicus OLCI,NASA OceanColor / Copernicus Marine (GlobColour)
Andaman Sea (Port Blair),2026-08-07,11.6,92.7,0.707,0.0475,44.3,Oligotrophic Water,0.31,MODIS-Aqua / Oceansat-3 OCM / Copernicus OLCI,NASA OceanColor / Copernicus Marine (GlobColour)
Andaman Sea (Port Blair),2026-08-08,11.6,92.7,1.188,0.0666,45.2,Oligotrophic Water,0.27,MODIS-Aqua / Oceansat-3 OCM / Copernicus OLCI,NASA OceanColor / Copernicus Marine (GlobColour)
Andaman Sea (Port Blair),2026-08-09,11.6,92.7,0.693,0.0469,54.3,Oligotrophic Water,0.17,MODIS-Aqua / Oceansat-3 OCM / Copernicus OLCI,NASA OceanColor / Copernicus Marine (GlobColour)
Andaman Sea (Port Blair),2026-08-10,11.6,92.7,0.784,0.0508,42.2,Oligotrophic Water,0.3,MODIS-Aqua / Oceansat-3 OCM / Copernicus OLCI,NASA OceanColor / Copernicus Marine (GlobColour)
Andaman Sea (Port Blair),2026-08-11,11.6,92.7,0.676,0.0462,47.4,Oligotrophic Water,0.15,MODIS-Aqua / Oceansat-3 OCM / Copernicus OLCI,NASA OceanColor / Copernicus Marine (GlobColour)
Andaman Sea (Port Blair),2026-08-12,11.6,92.7,0.836,0.053,50.9,Oligotrophic Water,0.16,MODIS-Aqua / Oceansat-3 OCM / Copernicus OLCI,NASA OceanColor / Copernicus Marine (GlobColour)
Andaman Sea (Port Blair),2026-08-13,11.6,92.7,0.791,0.0511,41.7,Oligotrophic Water,0.06,MODIS-Aqua / Oceansat-3 OCM / Copernicus OLCI,NASA OceanColor / Copernicus Marine (GlobColour)
Andaman Sea (Port Blair),2026-08-14,11.6,92.7,0.556,0.0407,42.6,Oligotrophic Water,0.35,MODIS-Aqua / Oceansat-3 OCM / Copernicus OLCI,NASA OceanColor / Copernicus Marine (GlobColour)
Andaman Sea (Port Blair),2026-08-15,11.6,92.7,0.824,0.0525,43.8,Oligotrophic Water,0.27,MODIS-Aqua / Oceansat-3 OCM / Copernicus OLCI,NASA OceanColor / Copernicus Marine (GlobColour)
Andaman Sea (Port Blair),2026-08-16,11.6,92.7,0.652,0.0451,51.8,Oligotrophic Water,0.25,MODIS-Aqua / Oceansat-3 OCM / Copernicus OLCI,NASA OceanColor / Copernicus Marine (GlobColour)
Andaman Sea (Port Blair),2026-08-17,11.6,92.7,0.939,0.0572,39.5,Oligotrophic Water,0.23,MODIS-Aqua / Oceansat-3 OCM / Copernicus OLCI,NASA OceanColor / Copernicus Marine (GlobColour)
Andaman Sea (Port Blair),2026-08-18,11.6,92.7,0.844,0.0533,53.4,Oligotrophic Water,0.12,MODIS-Aqua / Oceansat-3 OCM / Copernicus OLCI,NASA OceanColor / Copernicus Marine (GlobColour)
Andaman Sea (Port Blair),2026-08-19,11.6,92.7,0.568,0.0412,53.3,Oligotrophic Water,0.11,MODIS-Aqua / Oceansat-3 OCM / Copernicus OLCI,NASA OceanColor / Copernicus Marine (GlobColour)
Andaman Sea (Port Blair),2026-08-20,11.6,92.7,0.85,0.0536,40.9,Oligotrophic Water,0.34,MODIS-Aqua / Oceansat-3 OCM / Copernicus OLCI,NASA OceanColor / Copernicus Marine (GlobColour)
Andaman Sea (Port Blair),2026-08-21,11.6,92.7,0.88,0.0548,39.2,Oligotrophic Water,0.23,MODIS-Aqua / Oceansat-3 OCM / Copernicus OLCI,NASA OceanColor / Copernicus Marine (GlobColour)
Andaman Sea (Port Blair),2026-08-22,11.6,92.7,0.553,0.0405,48.8,Oligotrophic Water,0.18,MODIS-Aqua / Oceansat-3 OCM / Copernicus OLCI,NASA OceanColor / Copernicus Marine (GlobColour)
Andaman Sea (Port Blair),2026-08-23,11.6,92.7,0.671,0.0459,43.9,Oligotrophic Water,0.07,MODIS-Aqua / Oceansat-3 OCM / Copernicus OLCI,NASA OceanColor / Copernicus Marine (GlobColour)
Andaman Sea (Port Blair),2026-08-24,11.6,92.7,0.738,0.0489,49.5,Oligotrophic Water,0.17,MODIS-Aqua / Oceansat-3 OCM / Copernicus OLCI,NASA OceanColor / Copernicus Marine (GlobColour)
Andaman Sea (Port Blair),2026-08-25,11.6,92.7,0.661,0.0455,39.9,Oligotrophic Water,0.3,MODIS-Aqua / Oceansat-3 OCM / Copernicus OLCI,NASA OceanColor / Copernicus Marine (GlobColour)
