track_id,cyclone_id,cyclone_name,season,basin,subbasin,observation_dt,latitude,longitude,max_sustained_wind_knots,max_sustained_wind_kmph,central_barometric_pressure_hpa,wmo_cyclone_stage,distance_to_land_km,storm_translation_speed_kmph,storm_heading_deg,official_landfall_location,source
1,2023157N13066,BIPARJOY,2023,NI (North Indian Ocean),ARB,2023-05-15 00:00:00,12.5,66.0,33.2,61.5,987.7,Deep Depression (DD),461.6,17.6,302.7,Jakhau Port (Gujarat),IMD Regional Specialized Meteorological Centre (RSMC) New Delhi / NOAA IBTrACS
2,2023157N13066,BIPARJOY,2023,NI (North Indian Ocean),ARB,2023-05-15 06:00:00,12.7832,66.0885,34.8,64.4,986.1,Cyclonic Storm (CS),438.4,11.1,314.4,Jakhau Port (Gujarat),IMD Regional Specialized Meteorological Centre (RSMC) New Delhi / NOAA IBTrACS
3,2023157N13066,BIPARJOY,2023,NI (North Indian Ocean),ARB,2023-05-15 12:00:00,13.0663,66.1769,36.9,68.3,984.6,Cyclonic Storm (CS),431.0,17.6,315.0,Jakhau Port (Gujarat),IMD Regional Specialized Meteorological Centre (RSMC) New Delhi / NOAA IBTrACS
4,2023157N13066,BIPARJOY,2023,NI (North Indian Ocean),ARB,2023-05-15 18:00:00,13.3492,66.265,37.9,70.2,983.0,Cyclonic Storm (CS),430.7,14.0,321.3,Jakhau Port (Gujarat),IMD Regional Specialized Meteorological Centre (RSMC) New Delhi / NOAA IBTrACS
5,2023157N13066,BIPARJOY,2023,NI (North Indian Ocean),ARB,2023-05-16 00:00:00,13.6318,66.3527,40.4,74.8,981.4,Cyclonic Storm (CS),391.0,12.9,321.3,Jakhau Port (Gujarat),IMD Regional Specialized Meteorological Centre (RSMC) New Delhi / NOAA IBTrACS
6,2023157N13066,BIPARJOY,2023,NI (North Indian Ocean),ARB,2023-05-16 06:00:00,13.914,66.4398,44.2,81.9,979.8,Cyclonic Storm (CS),384.2,14.3,315.3,Jakhau Port (Gujarat),IMD Regional Specialized Meteorological Centre (RSMC) New Delhi / NOAA IBTrACS
7,2023157N13066,BIPARJOY,2023,NI (North Indian Ocean),ARB,2023-05-16 12:00:00,14.1958,66.5262,44.1,81.7,978.3,Cyclonic Storm (CS),375.0,15.8,329.7,Jakhau Port (Gujarat),IMD Regional Specialized Meteorological Centre (RSMC) New Delhi / NOAA IBTrACS
8,2023157N13066,BIPARJOY,2023,NI (North Indian Ocean),ARB,2023-05-16 18:00:00,14.477,66.6117,49.0,90.7,976.7,Severe Cyclonic Storm (SCS),378.2,17.3,323.7,Jakhau Port (Gujarat),IMD Regional Specialized Meteorological Centre (RSMC) New Delhi / NOAA IBTrACS
9,2023157N13066,BIPARJOY,2023,NI (North Indian Ocean),ARB,2023-05-17 00:00:00,14.7576,66.6963,51.9,96.1,975.1,Severe Cyclonic Storm (SCS),372.8,11.2,318.9,Jakhau Port (Gujarat),IMD Regional Specialized Meteorological Centre (RSMC) New Delhi / NOAA IBTrACS
10,2023157N13066,BIPARJOY,2023,NI (North Indian Ocean),ARB,2023-05-17 06:00:00,15.0374,66.7798,54.3,100.6,973.6,Severe Cyclonic Storm (SCS),340.4,12.2,310.1,Jakhau Port (Gujarat),IMD Regional Specialized Meteorological Centre (RSMC) New Delhi / NOAA IBTrACS
11,2023157N13066,BIPARJOY,2023,NI (North Indian Ocean),ARB,2023-05-17 12:00:00,15.3164,66.8621,56.7,105.0,972.0,Severe Cyclonic Storm (SCS),348.0,19.2,313.4,Jakhau Port (Gujarat),IMD Regional Specialized Meteorological Centre (RSMC) New Delhi / NOAA IBTrACS
12,2023157N13066,BIPARJOY,2023,NI (North Indian Ocean),ARB,2023-05-17 18:00:00,15.5946,66.9431,56.4,104.5,970.4,Severe Cyclonic Storm (SCS),339.0,14.3,305.0,Jakhau Port (Gujarat),IMD Regional Specialized Meteorological Centre (RSMC) New Delhi / NOAA IBTrACS
13,2023157N13066,BIPARJOY,2023,NI (North Indian Ocean),ARB,2023-05-18 00:00:00,15.8718,67.0227,59.3,109.8,968.9,Severe Cyclonic Storm (SCS),322.7,17.9,322.8,Jakhau Port (Gujarat),IMD Regional Specialized Meteorological Centre (RSMC) New Delhi / NOAA IBTrACS
14,2023157N13066,BIPARJOY,2023,NI (North Indian Ocean),ARB,2023-05-18 06:00:00,16.148,67.1008,62.8,116.3,967.3,Severe Cyclonic Storm (SCS),290.7,13.0,323.3,Jakhau Port (Gujarat),IMD Regional Specialized Meteorological Centre (RSMC) New Delhi / NOAA IBTrACS
15,2023157N13066,BIPARJOY,2023,NI (North Indian Ocean),ARB,2023-05-18 12:00:00,16.4232,67.1773,66.5,123.2,965.7,Very Severe Cyclonic Storm (VSCS),304.8,14.6,328.1,Jakhau Port (Gujarat),IMD Regional Specialized Meteorological Centre (RSMC) New Delhi / NOAA IBTrACS
16,2023157N13066,BIPARJOY,2023,NI (North Indian Ocean),ARB,2023-05-18 18:00:00,16.6973,67.2522,69.6,128.9,964.1,Very Severe Cyclonic Storm (VSCS),287.9,17.5,309.2,Jakhau Port (Gujarat),IMD Regional Specialized Meteorological Centre (RSMC) New Delhi / NOAA IBTrACS
17,2023157N13066,BIPARJOY,2023,NI (North Indian Ocean),ARB,2023-05-19 00:00:00,16.9702,67.3253,68.7,127.2,962.6,Very Severe Cyclonic Storm (VSCS),267.1,14.9,304.2,Jakhau Port (Gujarat),IMD Regional Specialized Meteorological Centre (RSMC) New Delhi / NOAA IBTrACS
18,2023157N13066,BIPARJOY,2023,NI (North Indian Ocean),ARB,2023-05-19 06:00:00,17.242,67.3967,73.2,135.6,961.0,Very Severe Cyclonic Storm (VSCS),272.7,15.3,310.9,Jakhau Port (Gujarat),IMD Regional Specialized Meteorological Centre (RSMC) New Delhi / NOAA IBTrACS
19,2023157N13066,BIPARJOY,2023,NI (North Indian Ocean),ARB,2023-05-19 12:00:00,17.5125,67.4663,76.2,141.1,959.4,Very Severe Cyclonic Storm (VSCS),232.6,15.5,306.9,Jakhau Port (Gujarat),IMD Regional Specialized Meteorological Centre (RSMC) New Delhi / NOAA IBTrACS
20,2023157N13066,BIPARJOY,2023,NI (North Indian Ocean),ARB,2023-05-19 18:00:00,17.7819,67.5341,78.5,145.4,957.9,Very Severe Cyclonic Storm (VSCS),246.4,16.5,300.3,Jakhau Port (Gujarat),IMD Regional Specialized Meteorological Centre (RSMC) New Delhi / NOAA IBTrACS
21,2023157N13066,BIPARJOY,2023,NI (North Indian Ocean),ARB,2023-05-20 00:00:00,18.05,67.6,78.3,145.0,956.3,Very Severe Cyclonic Storm (VSCS),217.8,13.7,304.3,Jakhau Port (Gujarat),IMD Regional Specialized Meteorological Centre (RSMC) New Delhi / NOAA IBTrACS
22,2023157N13066,BIPARJOY,2023,NI (North Indian Ocean),ARB,2023-05-20 06:00:00,18.3169,67.6641,82.9,153.5,954.7,Very Severe Cyclonic Storm (VSCS),204.8,16.0,302.3,Jakhau Port (Gujarat),IMD Regional Specialized Meteorological Centre (RSMC) New Delhi / NOAA IBTrACS
23,2023157N13066,BIPARJOY,2023,NI (North Indian Ocean),ARB,2023-05-20 12:00:00,18.5825,67.7263,84.2,155.9,953.1,Very Severe Cyclonic Storm (VSCS),198.9,18.6,305.7,Jakhau Port (Gujarat),IMD Regional Specialized Meteorological Centre (RSMC) New Delhi / NOAA IBTrACS
24,2023157N13066,BIPARJOY,2023,NI (North Indian Ocean),ARB,2023-05-20 18:00:00,18.847,67.7867,89.4,165.6,951.6,Very Severe Cyclonic Storm (VSCS),194.9,15.9,309.4,Jakhau Port (Gujarat),IMD Regional Specialized Meteorological Centre (RSMC) New Delhi / NOAA IBTrACS
25,2023157N13066,BIPARJOY,2023,NI (North Indian Ocean),ARB,2023-05-21 00:00:00,19.1102,67.8453,89.9,166.5,950.0,Very Severe Cyclonic Storm (VSCS),168.0,15.7,320.3,Jakhau Port (Gujarat),IMD Regional Specialized Meteorological Centre (RSMC) New Delhi / NOAA IBTrACS
26,2023157N13066,BIPARJOY,2023,NI (North Indian Ocean),ARB,2023-05-21 06:00:00,19.3723,67.9022,85.9,159.1,951.6,Very Severe Cyclonic Storm (VSCS),162.9,18.7,303.6,Jakhau Port (Gujarat),IMD Regional Specialized Meteorological Centre (RSMC) New Delhi / NOAA IBTrACS
27,2023157N13066,BIPARJOY,2023,NI (North Indian Ocean),ARB,2023-05-21 12:00:00,19.6332,67.9573,84.9,157.2,953.3,Very Severe Cyclonic Storm (VSCS),161.3,16.9,312.2,Jakhau Port (Gujarat),IMD Regional Specialized Meteorological Centre (RSMC) New Delhi / NOAA IBTrACS
28,2023157N13066,BIPARJOY,2023,NI (North Indian Ocean),ARB,2023-05-21 18:00:00,19.893,68.0108,81.2,150.4,954.9,Very Severe Cyclonic Storm (VSCS),143.5,19.2,322.4,Jakhau Port (Gujarat),IMD Regional Specialized Meteorological Centre (RSMC) New Delhi / NOAA IBTrACS
29,2023157N13066,BIPARJOY,2023,NI (North Indian Ocean),ARB,2023-05-22 00:00:00,20.1518,68.0627,78.3,145.0,956.5,Very Severe Cyclonic Storm (VSCS),142.5,12.0,328.4,Jakhau Port (Gujarat),IMD Regional Specialized Meteorological Centre (RSMC) New Delhi / NOAA IBTrACS
30,2023157N13066,BIPARJOY,2023,NI (North Indian Ocean),ARB,2023-05-22 06:00:00,20.4096,68.1131,77.1,142.8,958.2,Very Severe Cyclonic Storm (VSCS),137.9,17.4,313.4,Jakhau Port (Gujarat),IMD Regional Specialized Meteorological Centre (RSMC) New Delhi / NOAA IBTrACS
31,2023157N13066,BIPARJOY,2023,NI (North Indian Ocean),ARB,2023-05-22 12:00:00,20.6664,68.1621,74.1,137.2,959.8,Very Severe Cyclonic Storm (VSCS),123.5,17.7,324.1,Jakhau Port (Gujarat),IMD Regional Specialized Meteorological Centre (RSMC) New Delhi / NOAA IBTrACS
32,2023157N13066,BIPARJOY,2023,NI (North Indian Ocean),ARB,2023-05-22 18:00:00,20.9224,68.2098,72.6,134.5,961.4,Very Severe Cyclonic Storm (VSCS),99.5,14.4,315.8,Jakhau Port (Gujarat),IMD Regional Specialized Meteorological Centre (RSMC) New Delhi / NOAA IBTrACS
33,2023157N13066,BIPARJOY,2023,NI (North Indian Ocean),ARB,2023-05-23 00:00:00,21.1776,68.2563,68.8,127.4,963.0,Very Severe Cyclonic Storm (VSCS),92.1,15.4,323.6,Jakhau Port (Gujarat),IMD Regional Specialized Meteorological Centre (RSMC) New Delhi / NOAA IBTrACS
34,2023157N13066,BIPARJOY,2023,NI (North Indian Ocean),ARB,2023-05-23 06:00:00,21.432,68.3017,66.7,123.5,964.7,Very Severe Cyclonic Storm (VSCS),70.0,16.1,328.5,Jakhau Port (Gujarat),IMD Regional Specialized Meteorological Centre (RSMC) New Delhi / NOAA IBTrACS
35,2023157N13066,BIPARJOY,2023,NI (North Indian Ocean),ARB,2023-05-23 12:00:00,21.6858,68.3462,64.8,120.0,966.3,Very Severe Cyclonic Storm (VSCS),76.2,14.7,307.2,Jakhau Port (Gujarat),IMD Regional Specialized Meteorological Centre (RSMC) New Delhi / NOAA IBTrACS
36,2023157N13066,BIPARJOY,2023,NI (North Indian Ocean),ARB,2023-05-23 18:00:00,21.939,68.3898,60.9,112.8,967.9,Severe Cyclonic Storm (SCS),68.2,15.0,303.5,Jakhau Port (Gujarat),IMD Regional Specialized Meteorological Centre (RSMC) New Delhi / NOAA IBTrACS
37,2023157N13066,BIPARJOY,2023,NI (North Indian Ocean),ARB,2023-05-24 00:00:00,22.1918,68.4327,60.1,111.3,969.6,Severe Cyclonic Storm (SCS),36.4,15.8,306.3,Jakhau Port (Gujarat),IMD Regional Specialized Meteorological Centre (RSMC) New Delhi / NOAA IBTrACS
38,2023157N13066,BIPARJOY,2023,NI (North Indian Ocean),ARB,2023-05-24 06:00:00,22.4442,68.475,55.2,102.2,971.2,Severe Cyclonic Storm (SCS),35.3,15.7,304.1,Jakhau Port (Gujarat),IMD Regional Specialized Meteorological Centre (RSMC) New Delhi / NOAA IBTrACS
39,2023157N13066,BIPARJOY,2023,NI (North Indian Ocean),ARB,2023-05-24 12:00:00,22.6963,68.5169,56.4,104.5,972.8,Severe Cyclonic Storm (SCS),23.8,18.4,318.7,Jakhau Port (Gujarat),IMD Regional Specialized Meteorological Centre (RSMC) New Delhi / NOAA IBTrACS
40,2023157N13066,BIPARJOY,2023,NI (North Indian Ocean),ARB,2023-05-24 18:00:00,22.9482,68.5585,51.0,94.5,974.5,Severe Cyclonic Storm (SCS),0.3,14.3,326.5,Jakhau Port (Gujarat),IMD Regional Specialized Meteorological Centre (RSMC) New Delhi / NOAA IBTrACS
41,2023157N13066,BIPARJOY,2023,NI (North Indian Ocean),ARB,2023-05-25 00:00:00,23.2,68.6,49.1,90.9,976.1,Severe Cyclonic Storm (SCS),0.0,15.7,307.7,Jakhau Port (Gujarat),IMD Regional Specialized Meteorological Centre (RSMC) New Delhi / NOAA IBTrACS
42,2023334N10085,MICHAUNG,2023,NI (North Indian Ocean),BOB,2023-11-28 00:00:00,9.5,87.0,19.2,35.6,1001.0,Depression (D),457.9,19.4,311.6,Bapatla (Andhra Pradesh),IMD Regional Specialized Meteorological Centre (RSMC) New Delhi / NOAA IBTrACS
43,2023334N10085,MICHAUNG,2023,NI (North Indian Ocean),BOB,2023-11-28 06:00:00,9.7928,86.6858,21.7,40.2,1000.1,Depression (D),437.7,19.2,326.6,Bapatla (Andhra Pradesh),IMD Regional Specialized Meteorological Centre (RSMC) New Delhi / NOAA IBTrACS
44,2023334N10085,MICHAUNG,2023,NI (North Indian Ocean),BOB,2023-11-28 12:00:00,10.0851,86.3724,27.3,50.6,999.2,Depression (D),410.5,13.6,328.2,Bapatla (Andhra Pradesh),IMD Regional Specialized Meteorological Centre (RSMC) New Delhi / NOAA IBTrACS
45,2023334N10085,MICHAUNG,2023,NI (North Indian Ocean),BOB,2023-11-28 18:00:00,10.3765,86.0602,30.9,57.2,998.3,Deep Depression (DD),405.9,14.5,313.1,Bapatla (Andhra Pradesh),IMD Regional Specialized Meteorological Centre (RSMC) New Delhi / NOAA IBTrACS
46,2023334N10085,MICHAUNG,2023,NI (North Indian Ocean),BOB,2023-11-29 00:00:00,10.6667,85.75,31.0,57.4,997.4,Deep Depression (DD),386.8,17.4,300.9,Bapatla (Andhra Pradesh),IMD Regional Specialized Meteorological Centre (RSMC) New Delhi / NOAA IBTrACS
47,2023334N10085,MICHAUNG,2023,NI (North Indian Ocean),BOB,2023-11-29 06:00:00,10.9551,85.4424,36.3,67.2,996.5,Cyclonic Storm (CS),361.1,19.3,307.5,Bapatla (Andhra Pradesh),IMD Regional Specialized Meteorological Centre (RSMC) New Delhi / NOAA IBTrACS
48,2023334N10085,MICHAUNG,2023,NI (North Indian Ocean),BOB,2023-11-29 12:00:00,11.2414,85.1379,37.6,69.6,995.6,Cyclonic Storm (CS),343.8,16.9,306.2,Bapatla (Andhra Pradesh),IMD Regional Specialized Meteorological Centre (RSMC) New Delhi / NOAA IBTrACS
49,2023334N10085,MICHAUNG,2023,NI (North Indian Ocean),BOB,2023-11-29 18:00:00,11.5253,84.837,39.8,73.7,994.7,Cyclonic Storm (CS),330.5,16.7,316.5,Bapatla (Andhra Pradesh),IMD Regional Specialized Meteorological Centre (RSMC) New Delhi / NOAA IBTrACS
50,2023334N10085,MICHAUNG,2023,NI (North Indian Ocean),BOB,2023-11-30 00:00:00,11.8065,84.5402,42.5,78.7,993.8,Cyclonic Storm (CS),294.3,18.7,317.5,Bapatla (Andhra Pradesh),IMD Regional Specialized Meteorological Centre (RSMC) New Delhi / NOAA IBTrACS
51,2023334N10085,MICHAUNG,2023,NI (North Indian Ocean),BOB,2023-11-30 06:00:00,12.0848,84.2478,46.6,86.3,992.9,Cyclonic Storm (CS),272.9,19.5,323.6,Bapatla (Andhra Pradesh),IMD Regional Specialized Meteorological Centre (RSMC) New Delhi / NOAA IBTrACS
52,2023334N10085,MICHAUNG,2023,NI (North Indian Ocean),BOB,2023-11-30 12:00:00,12.3599,83.9602,46.4,85.9,992.0,Cyclonic Storm (CS),264.5,14.2,314.1,Bapatla (Andhra Pradesh),IMD Regional Specialized Meteorological Centre (RSMC) New Delhi / NOAA IBTrACS
53,2023334N10085,MICHAUNG,2023,NI (North Indian Ocean),BOB,2023-11-30 18:00:00,12.6316,83.6776,52.3,96.9,991.1,Severe Cyclonic Storm (SCS),229.4,17.7,321.7,Bapatla (Andhra Pradesh),IMD Regional Specialized Meteorological Centre (RSMC) New Delhi / NOAA IBTrACS
54,2023334N10085,MICHAUNG,2023,NI (North Indian Ocean),BOB,2023-12-01 00:00:00,12.9,83.4,51.6,95.6,990.2,Severe Cyclonic Storm (SCS),217.2,18.3,317.3,Bapatla (Andhra Pradesh),IMD Regional Specialized Meteorological Centre (RSMC) New Delhi / NOAA IBTrACS
55,2023334N10085,MICHAUNG,2023,NI (North Indian Ocean),BOB,2023-12-01 06:00:00,13.165,83.1276,54.7,101.3,989.3,Severe Cyclonic Storm (SCS),205.9,19.5,301.0,Bapatla (Andhra Pradesh),IMD Regional Specialized Meteorological Centre (RSMC) New Delhi / NOAA IBTrACS
56,2023334N10085,MICHAUNG,2023,NI (North Indian Ocean),BOB,2023-12-01 12:00:00,13.4265,82.8602,59.6,110.4,988.4,Severe Cyclonic Storm (SCS),178.1,11.8,325.3,Bapatla (Andhra Pradesh),IMD Regional Specialized Meteorological Centre (RSMC) New Delhi / NOAA IBTrACS
57,2023334N10085,MICHAUNG,2023,NI (North Indian Ocean),BOB,2023-12-01 18:00:00,13.6848,82.5978,59.7,110.6,988.6,Severe Cyclonic Storm (SCS),154.0,16.7,306.2,Bapatla (Andhra Pradesh),IMD Regional Specialized Meteorological Centre (RSMC) New Delhi / NOAA IBTrACS
58,2023334N10085,MICHAUNG,2023,NI (North Indian Ocean),BOB,2023-12-02 00:00:00,13.9399,82.3402,54.6,101.1,989.5,Severe Cyclonic Storm (SCS),160.3,19.3,319.5,Bapatla (Andhra Pradesh),IMD Regional Specialized Meteorological Centre (RSMC) New Delhi / NOAA IBTrACS
59,2023334N10085,MICHAUNG,2023,NI (North Indian Ocean),BOB,2023-12-02 06:00:00,14.192,82.087,53.3,98.7,990.4,Severe Cyclonic Storm (SCS),131.9,19.0,308.5,Bapatla (Andhra Pradesh),IMD Regional Specialized Meteorological Centre (RSMC) New Delhi / NOAA IBTrACS
60,2023334N10085,MICHAUNG,2023,NI (North Indian Ocean),BOB,2023-12-02 12:00:00,14.4414,81.8379,48.0,88.9,991.4,Severe Cyclonic Storm (SCS),114.5,15.3,320.2,Bapatla (Andhra Pradesh),IMD Regional Specialized Meteorological Centre (RSMC) New Delhi / NOAA IBTrACS
61,2023334N10085,MICHAUNG,2023,NI (North Indian Ocean),BOB,2023-12-02 18:00:00,14.6884,81.5924,47.2,87.4,992.3,Cyclonic Storm (CS),105.8,13.8,329.9,Bapatla (Andhra Pradesh),IMD Regional Specialized Meteorological Centre (RSMC) New Delhi / NOAA IBTrACS
62,2023334N10085,MICHAUNG,2023,NI (North Indian Ocean),BOB,2023-12-03 00:00:00,14.9333,81.35,45.9,85.0,993.2,Cyclonic Storm (CS),82.7,13.1,324.8,Bapatla (Andhra Pradesh),IMD Regional Specialized Meteorological Centre (RSMC) New Delhi / NOAA IBTrACS
63,2023334N10085,MICHAUNG,2023,NI (North Indian Ocean),BOB,2023-12-03 06:00:00,15.1765,81.1102,41.8,77.4,994.2,Cyclonic Storm (CS),65.2,12.3,301.3,Bapatla (Andhra Pradesh),IMD Regional Specialized Meteorological Centre (RSMC) New Delhi / NOAA IBTrACS
64,2023334N10085,MICHAUNG,2023,NI (North Indian Ocean),BOB,2023-12-03 12:00:00,15.4184,80.8724,36.6,67.8,995.1,Cyclonic Storm (CS),37.6,15.5,317.4,Bapatla (Andhra Pradesh),IMD Regional Specialized Meteorological Centre (RSMC) New Delhi / NOAA IBTrACS
65,2023334N10085,MICHAUNG,2023,NI (North Indian Ocean),BOB,2023-12-03 18:00:00,15.6594,80.6358,36.6,67.8,996.1,Cyclonic Storm (CS),24.4,15.9,315.0,Bapatla (Andhra Pradesh),IMD Regional Specialized Meteorological Centre (RSMC) New Delhi / NOAA IBTrACS
66,2023334N10085,MICHAUNG,2023,NI (North Indian Ocean),BOB,2023-12-04 00:00:00,15.9,80.4,32.5,60.2,997.0,Deep Depression (DD),0.0,16.0,304.5,Bapatla (Andhra Pradesh),IMD Regional Specialized Meteorological Centre (RSMC) New Delhi / NOAA IBTrACS
67,2021134N10072,TAUKTAE,2021,NI (North Indian Ocean),ARB,2021-05-15 00:00:00,10.0,72.5,37.8,70.0,987.7,Cyclonic Storm (CS),442.7,18.3,305.9,Una (Gujarat Coast),IMD Regional Specialized Meteorological Centre (RSMC) New Delhi / NOAA IBTrACS
68,2021134N10072,TAUKTAE,2021,NI (North Indian Ocean),ARB,2021-05-15 06:00:00,10.4081,72.4836,39.5,73.2,985.5,Cyclonic Storm (CS),420.4,11.7,313.6,Una (Gujarat Coast),IMD Regional Specialized Meteorological Centre (RSMC) New Delhi / NOAA IBTrACS
69,2021134N10072,TAUKTAE,2021,NI (North Indian Ocean),ARB,2021-05-15 12:00:00,10.8159,72.4668,46.4,85.9,983.2,Cyclonic Storm (CS),405.9,12.6,310.0,Una (Gujarat Coast),IMD Regional Specialized Meteorological Centre (RSMC) New Delhi / NOAA IBTrACS
70,2021134N10072,TAUKTAE,2021,NI (North Indian Ocean),ARB,2021-05-15 18:00:00,11.2232,72.4491,47.7,88.3,981.0,Cyclonic Storm (CS),415.4,18.7,304.8,Una (Gujarat Coast),IMD Regional Specialized Meteorological Centre (RSMC) New Delhi / NOAA IBTrACS
71,2021134N10072,TAUKTAE,2021,NI (North Indian Ocean),ARB,2021-05-16 00:00:00,11.6296,72.4302,52.7,97.6,978.7,Severe Cyclonic Storm (SCS),378.8,15.9,326.4,Una (Gujarat Coast),IMD Regional Specialized Meteorological Centre (RSMC) New Delhi / NOAA IBTrACS
72,2021134N10072,TAUKTAE,2021,NI (North Indian Ocean),ARB,2021-05-16 06:00:00,12.035,72.4096,58.6,108.5,976.5,Severe Cyclonic Storm (SCS),379.4,12.4,305.2,Una (Gujarat Coast),IMD Regional Specialized Meteorological Centre (RSMC) New Delhi / NOAA IBTrACS
73,2021134N10072,TAUKTAE,2021,NI (North Indian Ocean),ARB,2021-05-16 12:00:00,12.439,72.387,61.3,113.5,974.2,Severe Cyclonic Storm (SCS),356.7,17.7,309.5,Una (Gujarat Coast),IMD Regional Specialized Meteorological Centre (RSMC) New Delhi / NOAA IBTrACS
74,2021134N10072,TAUKTAE,2021,NI (North Indian Ocean),ARB,2021-05-16 18:00:00,12.8414,72.3621,64.8,120.0,972.0,Very Severe Cyclonic Storm (VSCS),352.0,12.6,310.1,Una (Gujarat Coast),IMD Regional Specialized Meteorological Centre (RSMC) New Delhi / NOAA IBTrACS
75,2021134N10072,TAUKTAE,2021,NI (North Indian Ocean),ARB,2021-05-17 00:00:00,13.2421,72.3345,69.9,129.5,969.7,Very Severe Cyclonic Storm (VSCS),331.7,16.8,315.5,Una (Gujarat Coast),IMD Regional Specialized Meteorological Centre (RSMC) New Delhi / NOAA IBTrACS
76,2021134N10072,TAUKTAE,2021,NI (North Indian Ocean),ARB,2021-05-17 06:00:00,13.6408,72.304,71.9,133.2,967.5,Very Severe Cyclonic Storm (VSCS),297.4,19.0,312.6,Una (Gujarat Coast),IMD Regional Specialized Meteorological Centre (RSMC) New Delhi / NOAA IBTrACS
77,2021134N10072,TAUKTAE,2021,NI (North Indian Ocean),ARB,2021-05-17 12:00:00,14.0373,72.2703,75.5,139.8,965.3,Very Severe Cyclonic Storm (VSCS),300.7,17.0,325.7,Una (Gujarat Coast),IMD Regional Specialized Meteorological Centre (RSMC) New Delhi / NOAA IBTrACS
78,2021134N10072,TAUKTAE,2021,NI (North Indian Ocean),ARB,2021-05-17 18:00:00,14.4316,72.2332,82.8,153.3,963.0,Very Severe Cyclonic Storm (VSCS),268.8,17.0,319.5,Una (Gujarat Coast),IMD Regional Specialized Meteorological Centre (RSMC) New Delhi / NOAA IBTrACS
79,2021134N10072,TAUKTAE,2021,NI (North Indian Ocean),ARB,2021-05-18 00:00:00,14.8236,72.1925,87.0,161.1,960.8,Very Severe Cyclonic Storm (VSCS),260.6,11.2,311.1,Una (Gujarat Coast),IMD Regional Specialized Meteorological Centre (RSMC) New Delhi / NOAA IBTrACS
80,2021134N10072,TAUKTAE,2021,NI (North Indian Ocean),ARB,2021-05-18 06:00:00,15.213,72.1481,89.3,165.4,958.5,Very Severe Cyclonic Storm (VSCS),239.4,12.0,326.7,Una (Gujarat Coast),IMD Regional Specialized Meteorological Centre (RSMC) New Delhi / NOAA IBTrACS
81,2021134N10072,TAUKTAE,2021,NI (North Indian Ocean),ARB,2021-05-18 12:00:00,15.6,72.1,95.0,175.9,956.3,Extremely Severe Cyclonic Storm (ESCS),211.6,11.5,301.3,Una (Gujarat Coast),IMD Regional Specialized Meteorological Centre (RSMC) New Delhi / NOAA IBTrACS
82,2021134N10072,TAUKTAE,2021,NI (North Indian Ocean),ARB,2021-05-18 18:00:00,15.9845,72.0481,95.9,177.6,954.0,Extremely Severe Cyclonic Storm (ESCS),220.9,17.3,315.6,Una (Gujarat Coast),IMD Regional Specialized Meteorological Centre (RSMC) New Delhi / NOAA IBTrACS
83,2021134N10072,TAUKTAE,2021,NI (North Indian Ocean),ARB,2021-05-19 00:00:00,16.3664,71.9925,103.5,191.7,951.8,Extremely Severe Cyclonic Storm (ESCS),189.4,16.8,305.8,Una (Gujarat Coast),IMD Regional Specialized Meteorological Centre (RSMC) New Delhi / NOAA IBTrACS
84,2021134N10072,TAUKTAE,2021,NI (North Indian Ocean),ARB,2021-05-19 06:00:00,16.7459,71.9332,105.8,195.9,950.5,Extremely Severe Cyclonic Storm (ESCS),188.8,11.5,304.9,Una (Gujarat Coast),IMD Regional Specialized Meteorological Centre (RSMC) New Delhi / NOAA IBTrACS
85,2021134N10072,TAUKTAE,2021,NI (North Indian Ocean),ARB,2021-05-19 12:00:00,17.1231,71.8703,100.9,186.9,952.8,Extremely Severe Cyclonic Storm (ESCS),150.3,17.8,321.7,Una (Gujarat Coast),IMD Regional Specialized Meteorological Centre (RSMC) New Delhi / NOAA IBTrACS
86,2021134N10072,TAUKTAE,2021,NI (North Indian Ocean),ARB,2021-05-19 18:00:00,17.4979,71.804,97.4,180.4,955.1,Extremely Severe Cyclonic Storm (ESCS),136.9,14.9,313.6,Una (Gujarat Coast),IMD Regional Specialized Meteorological Centre (RSMC) New Delhi / NOAA IBTrACS
87,2021134N10072,TAUKTAE,2021,NI (North Indian Ocean),ARB,2021-05-20 00:00:00,17.8707,71.7345,91.0,168.5,957.5,Extremely Severe Cyclonic Storm (ESCS),122.6,13.5,322.3,Una (Gujarat Coast),IMD Regional Specialized Meteorological Centre (RSMC) New Delhi / NOAA IBTrACS
88,2021134N10072,TAUKTAE,2021,NI (North Indian Ocean),ARB,2021-05-20 06:00:00,18.2414,71.6621,86.0,159.3,959.8,Very Severe Cyclonic Storm (VSCS),111.3,18.4,320.0,Una (Gujarat Coast),IMD Regional Specialized Meteorological Centre (RSMC) New Delhi / NOAA IBTrACS
89,2021134N10072,TAUKTAE,2021,NI (North Indian Ocean),ARB,2021-05-20 12:00:00,18.6104,71.587,84.9,157.2,962.1,Very Severe Cyclonic Storm (VSCS),109.2,16.3,320.2,Una (Gujarat Coast),IMD Regional Specialized Meteorological Centre (RSMC) New Delhi / NOAA IBTrACS
90,2021134N10072,TAUKTAE,2021,NI (North Indian Ocean),ARB,2021-05-20 18:00:00,18.9778,71.5096,79.1,146.5,964.4,Very Severe Cyclonic Storm (VSCS),88.4,17.3,320.6,Una (Gujarat Coast),IMD Regional Specialized Meteorological Centre (RSMC) New Delhi / NOAA IBTrACS
91,2021134N10072,TAUKTAE,2021,NI (North Indian Ocean),ARB,2021-05-21 00:00:00,19.3439,71.4302,73.7,136.5,966.8,Very Severe Cyclonic Storm (VSCS),61.0,17.5,303.7,Una (Gujarat Coast),IMD Regional Specialized Meteorological Centre (RSMC) New Delhi / NOAA IBTrACS
92,2021134N10072,TAUKTAE,2021,NI (North Indian Ocean),ARB,2021-05-21 06:00:00,19.7089,71.3491,69.6,128.9,969.1,Very Severe Cyclonic Storm (VSCS),44.5,16.8,304.8,Una (Gujarat Coast),IMD Regional Specialized Meteorological Centre (RSMC) New Delhi / NOAA IBTrACS
93,2021134N10072,TAUKTAE,2021,NI (North Indian Ocean),ARB,2021-05-21 12:00:00,20.0731,71.2668,66.4,123.0,971.4,Very Severe Cyclonic Storm (VSCS),24.4,14.1,307.2,Una (Gujarat Coast),IMD Regional Specialized Meteorological Centre (RSMC) New Delhi / NOAA IBTrACS
94,2021134N10072,TAUKTAE,2021,NI (North Indian Ocean),ARB,2021-05-21 18:00:00,20.4367,71.1836,61.8,114.5,973.8,Severe Cyclonic Storm (SCS),7.9,19.1,303.9,Una (Gujarat Coast),IMD Regional Specialized Meteorological Centre (RSMC) New Delhi / NOAA IBTrACS
95,2021134N10072,TAUKTAE,2021,NI (North Indian Ocean),ARB,2021-05-22 00:00:00,20.8,71.1,56.5,104.6,976.1,Severe Cyclonic Storm (SCS),8.2,12.4,310.5,Una (Gujarat Coast),IMD Regional Specialized Meteorological Centre (RSMC) New Delhi / NOAA IBTrACS
96,2021144N16089,YAAS,2021,NI (North Indian Ocean),BOB,2021-05-15 00:00:00,15.5,89.0,27.6,51.1,994.7,Depression (D),461.5,16.2,301.2,Dhamra Port (Odisha),IMD Regional Specialized Meteorological Centre (RSMC) New Delhi / NOAA IBTrACS
97,2021144N16089,YAAS,2021,NI (North Indian Ocean),BOB,2021-05-15 06:00:00,15.8263,88.8531,29.8,55.2,992.6,Deep Depression (DD),430.3,18.8,329.3,Dhamra Port (Odisha),IMD Regional Specialized Meteorological Centre (RSMC) New Delhi / NOAA IBTrACS
98,2021144N16089,YAAS,2021,NI (North Indian Ocean),BOB,2021-05-15 12:00:00,16.1518,88.7073,35.0,64.8,990.6,Cyclonic Storm (CS),401.2,13.7,312.8,Dhamra Port (Odisha),IMD Regional Specialized Meteorological Centre (RSMC) New Delhi / NOAA IBTrACS
99,2021144N16089,YAAS,2021,NI (North Indian Ocean),BOB,2021-05-15 18:00:00,16.4758,88.5638,38.3,70.9,988.5,Cyclonic Storm (CS),381.1,12.1,316.6,Dhamra Port (Odisha),IMD Regional Specialized Meteorological Centre (RSMC) New Delhi / NOAA IBTrACS
100,2021144N16089,YAAS,2021,NI (North Indian Ocean),BOB,2021-05-16 00:00:00,16.7976,88.4237,41.1,76.1,986.5,Cyclonic Storm (CS),355.1,12.5,326.6,Dhamra Port (Odisha),IMD Regional Specialized Meteorological Centre (RSMC) New Delhi / NOAA IBTrACS
101,2021144N16089,YAAS,2021,NI (North Indian Ocean),BOB,2021-05-16 06:00:00,17.1164,88.2879,45.2,83.7,984.4,Cyclonic Storm (CS),324.2,13.8,315.8,Dhamra Port (Odisha),IMD Regional Specialized Meteorological Centre (RSMC) New Delhi / NOAA IBTrACS
102,2021144N16089,YAAS,2021,NI (North Indian Ocean),BOB,2021-05-16 12:00:00,17.4318,88.1573,52.1,96.5,982.4,Severe Cyclonic Storm (SCS),314.5,17.4,324.0,Dhamra Port (Odisha),IMD Regional Specialized Meteorological Centre (RSMC) New Delhi / NOAA IBTrACS
103,2021144N16089,YAAS,2021,NI (North Indian Ocean),BOB,2021-05-16 18:00:00,17.7432,88.0327,52.9,98.0,980.3,Severe Cyclonic Storm (SCS),306.1,12.9,304.8,Dhamra Port (Odisha),IMD Regional Specialized Meteorological Centre (RSMC) New Delhi / NOAA IBTrACS
104,2021144N16089,YAAS,2021,NI (North Indian Ocean),BOB,2021-05-17 00:00:00,18.0502,87.9147,58.6,108.5,978.2,Severe Cyclonic Storm (SCS),255.1,11.8,326.6,Dhamra Port (Odisha),IMD Regional Specialized Meteorological Centre (RSMC) New Delhi / NOAA IBTrACS
105,2021144N16089,YAAS,2021,NI (North Indian Ocean),BOB,2021-05-17 06:00:00,18.3525,87.8037,63.3,117.2,976.2,Severe Cyclonic Storm (SCS),246.4,14.8,303.2,Dhamra Port (Odisha),IMD Regional Specialized Meteorological Centre (RSMC) New Delhi / NOAA IBTrACS
106,2021144N16089,YAAS,2021,NI (North Indian Ocean),BOB,2021-05-17 12:00:00,18.65,87.7,66.6,123.3,974.1,Very Severe Cyclonic Storm (VSCS),211.2,15.9,321.8,Dhamra Port (Odisha),IMD Regional Specialized Meteorological Centre (RSMC) New Delhi / NOAA IBTrACS
107,2021144N16089,YAAS,2021,NI (North Indian Ocean),BOB,2021-05-17 18:00:00,18.9425,87.6037,69.5,128.7,972.1,Very Severe Cyclonic Storm (VSCS),193.4,15.8,316.4,Dhamra Port (Odisha),IMD Regional Specialized Meteorological Centre (RSMC) New Delhi / NOAA IBTrACS
108,2021144N16089,YAAS,2021,NI (North Indian Ocean),BOB,2021-05-18 00:00:00,19.2302,87.5147,76.5,141.7,970.0,Very Severe Cyclonic Storm (VSCS),176.4,11.8,300.4,Dhamra Port (Odisha),IMD Regional Specialized Meteorological Centre (RSMC) New Delhi / NOAA IBTrACS
109,2021144N16089,YAAS,2021,NI (North Indian Ocean),BOB,2021-05-18 06:00:00,19.5132,87.4327,71.8,133.0,972.1,Very Severe Cyclonic Storm (VSCS),147.4,14.2,303.5,Dhamra Port (Odisha),IMD Regional Specialized Meteorological Centre (RSMC) New Delhi / NOAA IBTrACS
110,2021144N16089,YAAS,2021,NI (North Indian Ocean),BOB,2021-05-18 12:00:00,19.7918,87.3573,68.4,126.7,974.3,Very Severe Cyclonic Storm (VSCS),137.5,12.8,326.2,Dhamra Port (Odisha),IMD Regional Specialized Meteorological Centre (RSMC) New Delhi / NOAA IBTrACS
111,2021144N16089,YAAS,2021,NI (North Indian Ocean),BOB,2021-05-18 18:00:00,20.0664,87.2879,62.9,116.5,976.4,Severe Cyclonic Storm (SCS),106.5,17.4,326.9,Dhamra Port (Odisha),IMD Regional Specialized Meteorological Centre (RSMC) New Delhi / NOAA IBTrACS
112,2021144N16089,YAAS,2021,NI (North Indian Ocean),BOB,2021-05-19 00:00:00,20.3376,87.2237,59.2,109.6,978.5,Severe Cyclonic Storm (SCS),75.2,13.3,324.5,Dhamra Port (Odisha),IMD Regional Specialized Meteorological Centre (RSMC) New Delhi / NOAA IBTrACS
113,2021144N16089,YAAS,2021,NI (North Indian Ocean),BOB,2021-05-19 06:00:00,20.6058,87.1638,53.3,98.7,980.7,Severe Cyclonic Storm (SCS),62.4,16.4,305.3,Dhamra Port (Odisha),IMD Regional Specialized Meteorological Centre (RSMC) New Delhi / NOAA IBTrACS
114,2021144N16089,YAAS,2021,NI (North Indian Ocean),BOB,2021-05-19 12:00:00,20.8718,87.1073,49.2,91.1,982.8,Severe Cyclonic Storm (SCS),43.2,14.8,311.7,Dhamra Port (Odisha),IMD Regional Specialized Meteorological Centre (RSMC) New Delhi / NOAA IBTrACS
115,2021144N16089,YAAS,2021,NI (North Indian Ocean),BOB,2021-05-19 18:00:00,21.1363,87.0531,44.6,82.6,985.0,Cyclonic Storm (CS),37.5,17.0,326.4,Dhamra Port (Odisha),IMD Regional Specialized Meteorological Centre (RSMC) New Delhi / NOAA IBTrACS
116,2021144N16089,YAAS,2021,NI (North Indian Ocean),BOB,2021-05-20 00:00:00,21.4,87.0,42.9,79.5,987.1,Cyclonic Storm (CS),10.7,14.6,329.1,Dhamra Port (Odisha),IMD Regional Specialized Meteorological Centre (RSMC) New Delhi / NOAA IBTrACS
117,2020137N10086,AMPHAN,2020,NI (North Indian Ocean),BOB,2020-05-15 00:00:00,10.4,86.5,49.3,91.3,977.2,Severe Cyclonic Storm (SCS),443.8,11.5,310.9,Digha / Sundarbans (WB),IMD Regional Specialized Meteorological Centre (RSMC) New Delhi / NOAA IBTrACS
118,2020137N10086,AMPHAN,2020,NI (North Indian Ocean),BOB,2020-05-15 06:00:00,10.8969,86.5358,55.4,102.6,973.2,Severe Cyclonic Storm (SCS),429.1,11.1,318.3,Digha / Sundarbans (WB),IMD Regional Specialized Meteorological Centre (RSMC) New Delhi / NOAA IBTrACS
119,2020137N10086,AMPHAN,2020,NI (North Indian Ocean),BOB,2020-05-15 12:00:00,11.3934,86.5724,60.7,112.4,969.3,Severe Cyclonic Storm (SCS),398.2,11.1,311.0,Digha / Sundarbans (WB),IMD Regional Specialized Meteorological Centre (RSMC) New Delhi / NOAA IBTrACS
120,2020137N10086,AMPHAN,2020,NI (North Indian Ocean),BOB,2020-05-15 18:00:00,11.889,86.6102,68.8,127.4,965.3,Very Severe Cyclonic Storm (VSCS),379.1,17.0,325.6,Digha / Sundarbans (WB),IMD Regional Specialized Meteorological Centre (RSMC) New Delhi / NOAA IBTrACS
121,2020137N10086,AMPHAN,2020,NI (North Indian Ocean),BOB,2020-05-16 00:00:00,12.3833,86.65,76.0,140.8,961.3,Very Severe Cyclonic Storm (VSCS),374.0,12.5,314.2,Digha / Sundarbans (WB),IMD Regional Specialized Meteorological Centre (RSMC) New Delhi / NOAA IBTrACS
122,2020137N10086,AMPHAN,2020,NI (North Indian Ocean),BOB,2020-05-16 06:00:00,12.8759,86.6924,81.2,150.4,957.3,Very Severe Cyclonic Storm (VSCS),358.9,18.4,311.1,Digha / Sundarbans (WB),IMD Regional Specialized Meteorological Centre (RSMC) New Delhi / NOAA IBTrACS
123,2020137N10086,AMPHAN,2020,NI (North Indian Ocean),BOB,2020-05-16 12:00:00,13.3664,86.7379,87.4,161.9,953.4,Very Severe Cyclonic Storm (VSCS),351.6,15.5,323.2,Digha / Sundarbans (WB),IMD Regional Specialized Meteorological Centre (RSMC) New Delhi / NOAA IBTrACS
124,2020137N10086,AMPHAN,2020,NI (North Indian Ocean),BOB,2020-05-16 18:00:00,13.8545,86.787,93.1,172.4,949.4,Extremely Severe Cyclonic Storm (ESCS),306.7,14.4,306.7,Digha / Sundarbans (WB),IMD Regional Specialized Meteorological Centre (RSMC) New Delhi / NOAA IBTrACS
125,2020137N10086,AMPHAN,2020,NI (North Indian Ocean),BOB,2020-05-17 00:00:00,14.3399,86.8402,97.6,180.8,945.4,Extremely Severe Cyclonic Storm (ESCS),287.2,13.4,305.7,Digha / Sundarbans (WB),IMD Regional Specialized Meteorological Centre (RSMC) New Delhi / NOAA IBTrACS
126,2020137N10086,AMPHAN,2020,NI (North Indian Ocean),BOB,2020-05-17 06:00:00,14.8223,86.8978,107.7,199.5,941.5,Extremely Severe Cyclonic Storm (ESCS),285.2,15.1,320.0,Digha / Sundarbans (WB),IMD Regional Specialized Meteorological Centre (RSMC) New Delhi / NOAA IBTrACS
127,2020137N10086,AMPHAN,2020,NI (North Indian Ocean),BOB,2020-05-17 12:00:00,15.3015,86.9602,113.2,209.6,937.5,Extremely Severe Cyclonic Storm (ESCS),247.7,16.3,313.8,Digha / Sundarbans (WB),IMD Regional Specialized Meteorological Centre (RSMC) New Delhi / NOAA IBTrACS
128,2020137N10086,AMPHAN,2020,NI (North Indian Ocean),BOB,2020-05-17 18:00:00,15.7775,87.0276,116.5,215.8,933.5,Extremely Severe Cyclonic Storm (ESCS),246.4,17.3,312.7,Digha / Sundarbans (WB),IMD Regional Specialized Meteorological Centre (RSMC) New Delhi / NOAA IBTrACS
129,2020137N10086,AMPHAN,2020,NI (North Indian Ocean),BOB,2020-05-18 00:00:00,16.25,87.1,126.1,233.5,929.5,Super Cyclonic Storm (SuCS),213.0,17.1,314.7,Digha / Sundarbans (WB),IMD Regional Specialized Meteorological Centre (RSMC) New Delhi / NOAA IBTrACS
130,2020137N10086,AMPHAN,2020,NI (North Indian Ocean),BOB,2020-05-18 06:00:00,16.7191,87.1776,132.5,245.4,925.6,Super Cyclonic Storm (SuCS),196.7,11.8,306.3,Digha / Sundarbans (WB),IMD Regional Specialized Meteorological Centre (RSMC) New Delhi / NOAA IBTrACS
131,2020137N10086,AMPHAN,2020,NI (North Indian Ocean),BOB,2020-05-18 12:00:00,17.1849,87.2602,138.7,256.9,921.6,Super Cyclonic Storm (SuCS),199.6,13.3,307.8,Digha / Sundarbans (WB),IMD Regional Specialized Meteorological Centre (RSMC) New Delhi / NOAA IBTrACS
132,2020137N10086,AMPHAN,2020,NI (North Indian Ocean),BOB,2020-05-18 18:00:00,17.6473,87.3478,135.2,250.4,922.5,Super Cyclonic Storm (SuCS),158.0,17.6,321.2,Digha / Sundarbans (WB),IMD Regional Specialized Meteorological Centre (RSMC) New Delhi / NOAA IBTrACS
133,2020137N10086,AMPHAN,2020,NI (North Indian Ocean),BOB,2020-05-19 00:00:00,18.1065,87.4402,130.2,241.1,926.6,Super Cyclonic Storm (SuCS),162.9,14.3,321.0,Digha / Sundarbans (WB),IMD Regional Specialized Meteorological Centre (RSMC) New Delhi / NOAA IBTrACS
134,2020137N10086,AMPHAN,2020,NI (North Indian Ocean),BOB,2020-05-19 06:00:00,18.5628,87.537,123.5,228.7,930.7,Super Cyclonic Storm (SuCS),140.6,16.0,311.2,Digha / Sundarbans (WB),IMD Regional Specialized Meteorological Centre (RSMC) New Delhi / NOAA IBTrACS
135,2020137N10086,AMPHAN,2020,NI (North Indian Ocean),BOB,2020-05-19 12:00:00,19.0164,87.6379,115.7,214.3,934.9,Extremely Severe Cyclonic Storm (ESCS),98.8,13.3,320.5,Digha / Sundarbans (WB),IMD Regional Specialized Meteorological Centre (RSMC) New Delhi / NOAA IBTrACS
136,2020137N10086,AMPHAN,2020,NI (North Indian Ocean),BOB,2020-05-19 18:00:00,19.4676,87.7424,110.3,204.3,939.0,Extremely Severe Cyclonic Storm (ESCS),80.4,17.0,318.2,Digha / Sundarbans (WB),IMD Regional Specialized Meteorological Centre (RSMC) New Delhi / NOAA IBTrACS
137,2020137N10086,AMPHAN,2020,NI (North Indian Ocean),BOB,2020-05-20 00:00:00,19.9167,87.85,104.3,193.2,943.1,Extremely Severe Cyclonic Storm (ESCS),64.9,18.2,311.7,Digha / Sundarbans (WB),IMD Regional Specialized Meteorological Centre (RSMC) New Delhi / NOAA IBTrACS
138,2020137N10086,AMPHAN,2020,NI (North Indian Ocean),BOB,2020-05-20 06:00:00,20.364,87.9602,97.3,180.2,947.2,Extremely Severe Cyclonic Storm (ESCS),50.8,18.6,314.2,Digha / Sundarbans (WB),IMD Regional Specialized Meteorological Centre (RSMC) New Delhi / NOAA IBTrACS
139,2020137N10086,AMPHAN,2020,NI (North Indian Ocean),BOB,2020-05-20 12:00:00,20.8101,88.0724,88.5,163.9,951.4,Very Severe Cyclonic Storm (VSCS),48.2,13.6,307.0,Digha / Sundarbans (WB),IMD Regional Specialized Meteorological Centre (RSMC) New Delhi / NOAA IBTrACS
140,2020137N10086,AMPHAN,2020,NI (North Indian Ocean),BOB,2020-05-20 18:00:00,21.2553,88.1858,82.4,152.6,955.5,Very Severe Cyclonic Storm (VSCS),31.4,18.0,305.3,Digha / Sundarbans (WB),IMD Regional Specialized Meteorological Centre (RSMC) New Delhi / NOAA IBTrACS
141,2020137N10086,AMPHAN,2020,NI (North Indian Ocean),BOB,2020-05-21 00:00:00,21.7,88.3,77.0,142.6,959.6,Very Severe Cyclonic Storm (VSCS),0.0,16.7,319.4,Digha / Sundarbans (WB),IMD Regional Specialized Meteorological Centre (RSMC) New Delhi / NOAA IBTrACS
142,2020153N14071,NISARGA,2020,NI (North Indian Ocean),ARB,2020-05-15 00:00:00,14.0,71.5,22.6,41.9,999.6,Depression (D),457.6,18.1,321.4,Alibag (Maharashtra),IMD Regional Specialized Meteorological Centre (RSMC) New Delhi / NOAA IBTrACS
143,2020153N14071,NISARGA,2020,NI (North Indian Ocean),ARB,2020-05-15 06:00:00,14.3078,71.646,24.7,45.7,998.0,Depression (D),414.3,11.3,322.7,Alibag (Maharashtra),IMD Regional Specialized Meteorological Centre (RSMC) New Delhi / NOAA IBTrACS
144,2020153N14071,NISARGA,2020,NI (North Indian Ocean),ARB,2020-05-15 12:00:00,14.614,71.7898,27.5,50.9,996.4,Depression (D),391.6,11.2,304.9,Alibag (Maharashtra),IMD Regional Specialized Meteorological Centre (RSMC) New Delhi / NOAA IBTrACS
145,2020153N14071,NISARGA,2020,NI (North Indian Ocean),ARB,2020-05-15 18:00:00,14.9174,71.9292,32.5,60.2,994.7,Deep Depression (DD),372.3,13.7,325.0,Alibag (Maharashtra),IMD Regional Specialized Meteorological Centre (RSMC) New Delhi / NOAA IBTrACS
146,2020153N14071,NISARGA,2020,NI (North Indian Ocean),ARB,2020-05-16 00:00:00,15.2164,72.0621,36.9,68.3,993.1,Cyclonic Storm (CS),330.5,18.7,319.0,Alibag (Maharashtra),IMD Regional Specialized Meteorological Centre (RSMC) New Delhi / NOAA IBTrACS
147,2020153N14071,NISARGA,2020,NI (North Indian Ocean),ARB,2020-05-16 06:00:00,15.51,72.1869,42.8,79.3,991.5,Cyclonic Storm (CS),297.0,16.8,311.4,Alibag (Maharashtra),IMD Regional Specialized Meteorological Centre (RSMC) New Delhi / NOAA IBTrACS
148,2020153N14071,NISARGA,2020,NI (North Indian Ocean),ARB,2020-05-16 12:00:00,15.7973,72.3022,43.8,81.1,989.9,Cyclonic Storm (CS),282.8,16.5,310.9,Alibag (Maharashtra),IMD Regional Specialized Meteorological Centre (RSMC) New Delhi / NOAA IBTrACS
149,2020153N14071,NISARGA,2020,NI (North Indian Ocean),ARB,2020-05-16 18:00:00,16.0774,72.4067,50.7,93.9,988.2,Severe Cyclonic Storm (SCS),247.4,12.5,301.2,Alibag (Maharashtra),IMD Regional Specialized Meteorological Centre (RSMC) New Delhi / NOAA IBTrACS
150,2020153N14071,NISARGA,2020,NI (North Indian Ocean),ARB,2020-05-17 00:00:00,16.35,72.5,51.5,95.4,986.6,Severe Cyclonic Storm (SCS),224.8,11.7,327.7,Alibag (Maharashtra),IMD Regional Specialized Meteorological Centre (RSMC) New Delhi / NOAA IBTrACS
151,2020153N14071,NISARGA,2020,NI (North Indian Ocean),ARB,2020-05-17 06:00:00,16.6149,72.5817,57.3,106.1,985.0,Severe Cyclonic Storm (SCS),182.1,14.4,309.4,Alibag (Maharashtra),IMD Regional Specialized Meteorological Centre (RSMC) New Delhi / NOAA IBTrACS
152,2020153N14071,NISARGA,2020,NI (North Indian Ocean),ARB,2020-05-17 12:00:00,16.8723,72.6522,58.6,108.5,984.7,Severe Cyclonic Storm (SCS),181.4,17.4,324.0,Alibag (Maharashtra),IMD Regional Specialized Meteorological Centre (RSMC) New Delhi / NOAA IBTrACS
153,2020153N14071,NISARGA,2020,NI (North Indian Ocean),ARB,2020-05-17 18:00:00,17.1225,72.7119,55.3,102.4,986.4,Severe Cyclonic Storm (SCS),134.6,12.3,308.4,Alibag (Maharashtra),IMD Regional Specialized Meteorological Centre (RSMC) New Delhi / NOAA IBTrACS
154,2020153N14071,NISARGA,2020,NI (North Indian Ocean),ARB,2020-05-18 00:00:00,17.3664,72.7621,48.8,90.4,988.0,Severe Cyclonic Storm (SCS),101.7,12.8,318.5,Alibag (Maharashtra),IMD Regional Specialized Meteorological Centre (RSMC) New Delhi / NOAA IBTrACS
155,2020153N14071,NISARGA,2020,NI (North Indian Ocean),ARB,2020-05-18 06:00:00,17.6049,72.8042,46.8,86.7,989.7,Cyclonic Storm (CS),87.3,19.4,309.5,Alibag (Maharashtra),IMD Regional Specialized Meteorological Centre (RSMC) New Delhi / NOAA IBTrACS
156,2020153N14071,NISARGA,2020,NI (North Indian Ocean),ARB,2020-05-18 12:00:00,17.839,72.8398,41.2,76.3,991.4,Cyclonic Storm (CS),56.3,14.9,328.0,Alibag (Maharashtra),IMD Regional Specialized Meteorological Centre (RSMC) New Delhi / NOAA IBTrACS
157,2020153N14071,NISARGA,2020,NI (North Indian Ocean),ARB,2020-05-18 18:00:00,18.0703,72.871,37.4,69.3,993.1,Cyclonic Storm (CS),20.7,13.1,324.4,Alibag (Maharashtra),IMD Regional Specialized Meteorological Centre (RSMC) New Delhi / NOAA IBTrACS
158,2020153N14071,NISARGA,2020,NI (North Indian Ocean),ARB,2020-05-19 00:00:00,18.3,72.9,33.1,61.3,994.8,Deep Depression (DD),14.2,12.0,312.7,Alibag (Maharashtra),IMD Regional Specialized Meteorological Centre (RSMC) New Delhi / NOAA IBTrACS
159,2019116N05089,FANI,2019,NI (North Indian Ocean),BOB,2019-05-15 00:00:00,5.2,88.5,40.8,75.6,981.4,Cyclonic Storm (CS),437.5,15.9,329.2,Puri Coast (Odisha),IMD Regional Specialized Meteorological Centre (RSMC) New Delhi / NOAA IBTrACS
160,2019116N05089,FANI,2019,NI (North Indian Ocean),BOB,2019-05-15 06:00:00,5.623,88.3989,43.7,80.9,979.1,Cyclonic Storm (CS),434.9,12.2,323.6,Puri Coast (Odisha),IMD Regional Specialized Meteorological Centre (RSMC) New Delhi / NOAA IBTrACS
161,2019116N05089,FANI,2019,NI (North Indian Ocean),BOB,2019-05-15 12:00:00,6.0458,88.2979,47.8,88.5,976.8,Cyclonic Storm (CS),412.0,18.6,327.3,Puri Coast (Odisha),IMD Regional Specialized Meteorological Centre (RSMC) New Delhi / NOAA IBTrACS
162,2019116N05089,FANI,2019,NI (North Indian Ocean),BOB,2019-05-15 18:00:00,6.4684,88.1974,52.5,97.2,974.5,Severe Cyclonic Storm (SCS),404.8,17.8,308.8,Puri Coast (Odisha),IMD Regional Specialized Meteorological Centre (RSMC) New Delhi / NOAA IBTrACS
163,2019116N05089,FANI,2019,NI (North Indian Ocean),BOB,2019-05-16 00:00:00,6.8906,88.0974,54.3,100.6,972.3,Severe Cyclonic Storm (SCS),407.5,13.2,312.4,Puri Coast (Odisha),IMD Regional Specialized Meteorological Centre (RSMC) New Delhi / NOAA IBTrACS
164,2019116N05089,FANI,2019,NI (North Indian Ocean),BOB,2019-05-16 06:00:00,7.3123,87.9982,56.2,104.1,970.0,Severe Cyclonic Storm (SCS),376.9,19.4,300.9,Puri Coast (Odisha),IMD Regional Specialized Meteorological Centre (RSMC) New Delhi / NOAA IBTrACS
165,2019116N05089,FANI,2019,NI (North Indian Ocean),BOB,2019-05-16 12:00:00,7.7333,87.9,60.1,111.3,967.7,Severe Cyclonic Storm (SCS),381.3,13.9,307.7,Puri Coast (Odisha),IMD Regional Specialized Meteorological Centre (RSMC) New Delhi / NOAA IBTrACS
166,2019116N05089,FANI,2019,NI (North Indian Ocean),BOB,2019-05-16 18:00:00,8.1536,87.8029,65.9,122.0,965.4,Very Severe Cyclonic Storm (VSCS),360.5,12.9,322.3,Puri Coast (Odisha),IMD Regional Specialized Meteorological Centre (RSMC) New Delhi / NOAA IBTrACS
167,2019116N05089,FANI,2019,NI (North Indian Ocean),BOB,2019-05-17 00:00:00,8.573,87.7072,67.8,125.6,963.1,Very Severe Cyclonic Storm (VSCS),364.1,17.5,320.5,Puri Coast (Odisha),IMD Regional Specialized Meteorological Centre (RSMC) New Delhi / NOAA IBTrACS
168,2019116N05089,FANI,2019,NI (North Indian Ocean),BOB,2019-05-17 06:00:00,8.9914,87.6129,71.1,131.7,960.8,Very Severe Cyclonic Storm (VSCS),323.7,15.8,316.8,Puri Coast (Odisha),IMD Regional Specialized Meteorological Centre (RSMC) New Delhi / NOAA IBTrACS
169,2019116N05089,FANI,2019,NI (North Indian Ocean),BOB,2019-05-17 12:00:00,9.4088,87.5202,74.9,138.7,958.5,Very Severe Cyclonic Storm (VSCS),323.6,12.0,311.8,Puri Coast (Odisha),IMD Regional Specialized Meteorological Centre (RSMC) New Delhi / NOAA IBTrACS
170,2019116N05089,FANI,2019,NI (North Indian Ocean),BOB,2019-05-17 18:00:00,9.8249,87.4293,78.7,145.8,956.2,Very Severe Cyclonic Storm (VSCS),300.2,19.5,327.5,Puri Coast (Odisha),IMD Regional Specialized Meteorological Centre (RSMC) New Delhi / NOAA IBTrACS
171,2019116N05089,FANI,2019,NI (North Indian Ocean),BOB,2019-05-18 00:00:00,10.2399,87.3402,82.4,152.6,954.0,Very Severe Cyclonic Storm (VSCS),286.8,14.6,304.9,Puri Coast (Odisha),IMD Regional Specialized Meteorological Centre (RSMC) New Delhi / NOAA IBTrACS
172,2019116N05089,FANI,2019,NI (North Indian Ocean),BOB,2019-05-18 06:00:00,10.6535,87.2531,87.0,161.1,951.7,Very Severe Cyclonic Storm (VSCS),281.7,16.9,300.1,Puri Coast (Odisha),IMD Regional Specialized Meteorological Centre (RSMC) New Delhi / NOAA IBTrACS
173,2019116N05089,FANI,2019,NI (North Indian Ocean),BOB,2019-05-18 12:00:00,11.0657,87.1681,86.8,160.8,949.4,Very Severe Cyclonic Storm (VSCS),271.3,15.4,320.1,Puri Coast (Odisha),IMD Regional Specialized Meteorological Centre (RSMC) New Delhi / NOAA IBTrACS
174,2019116N05089,FANI,2019,NI (North Indian Ocean),BOB,2019-05-18 18:00:00,11.4765,87.0852,91.4,169.3,947.1,Extremely Severe Cyclonic Storm (ESCS),268.4,17.4,312.2,Puri Coast (Odisha),IMD Regional Specialized Meteorological Centre (RSMC) New Delhi / NOAA IBTrACS
175,2019116N05089,FANI,2019,NI (North Indian Ocean),BOB,2019-05-19 00:00:00,11.8859,87.0046,95.8,177.4,944.8,Extremely Severe Cyclonic Storm (ESCS),247.7,19.4,306.1,Puri Coast (Odisha),IMD Regional Specialized Meteorological Centre (RSMC) New Delhi / NOAA IBTrACS
176,2019116N05089,FANI,2019,NI (North Indian Ocean),BOB,2019-05-19 06:00:00,12.2937,86.9261,100.6,186.3,942.5,Extremely Severe Cyclonic Storm (ESCS),241.6,15.6,305.9,Puri Coast (Odisha),IMD Regional Specialized Meteorological Centre (RSMC) New Delhi / NOAA IBTrACS
177,2019116N05089,FANI,2019,NI (North Indian Ocean),BOB,2019-05-19 12:00:00,12.7,86.85,102.8,190.4,940.2,Extremely Severe Cyclonic Storm (ESCS),216.5,14.9,325.8,Puri Coast (Odisha),IMD Regional Specialized Meteorological Centre (RSMC) New Delhi / NOAA IBTrACS
178,2019116N05089,FANI,2019,NI (North Indian Ocean),BOB,2019-05-19 18:00:00,13.1048,86.7761,105.9,196.1,937.9,Extremely Severe Cyclonic Storm (ESCS),223.6,19.4,310.1,Puri Coast (Odisha),IMD Regional Specialized Meteorological Centre (RSMC) New Delhi / NOAA IBTrACS
179,2019116N05089,FANI,2019,NI (North Indian Ocean),BOB,2019-05-20 00:00:00,13.5081,86.7046,107.8,199.6,935.7,Extremely Severe Cyclonic Storm (ESCS),193.6,12.6,300.9,Puri Coast (Odisha),IMD Regional Specialized Meteorological Centre (RSMC) New Delhi / NOAA IBTrACS
180,2019116N05089,FANI,2019,NI (North Indian Ocean),BOB,2019-05-20 06:00:00,13.9099,86.6352,111.3,206.1,933.4,Extremely Severe Cyclonic Storm (ESCS),183.3,14.8,306.8,Puri Coast (Odisha),IMD Regional Specialized Meteorological Centre (RSMC) New Delhi / NOAA IBTrACS
181,2019116N05089,FANI,2019,NI (North Indian Ocean),BOB,2019-05-20 12:00:00,14.3102,86.5681,112.1,207.6,933.0,Extremely Severe Cyclonic Storm (ESCS),184.2,15.4,312.1,Puri Coast (Odisha),IMD Regional Specialized Meteorological Centre (RSMC) New Delhi / NOAA IBTrACS
182,2019116N05089,FANI,2019,NI (North Indian Ocean),BOB,2019-05-20 18:00:00,14.709,86.5031,111.7,206.9,935.3,Extremely Severe Cyclonic Storm (ESCS),170.3,15.1,319.6,Puri Coast (Odisha),IMD Regional Specialized Meteorological Centre (RSMC) New Delhi / NOAA IBTrACS
183,2019116N05089,FANI,2019,NI (North Indian Ocean),BOB,2019-05-21 00:00:00,15.1065,86.4402,108.3,200.6,937.7,Extremely Severe Cyclonic Storm (ESCS),154.6,11.5,321.1,Puri Coast (Odisha),IMD Regional Specialized Meteorological Centre (RSMC) New Delhi / NOAA IBTrACS
184,2019116N05089,FANI,2019,NI (North Indian Ocean),BOB,2019-05-21 06:00:00,15.5027,86.3793,101.4,187.8,940.1,Extremely Severe Cyclonic Storm (ESCS),151.7,17.3,322.0,Puri Coast (Odisha),IMD Regional Specialized Meteorological Centre (RSMC) New Delhi / NOAA IBTrACS
185,2019116N05089,FANI,2019,NI (North Indian Ocean),BOB,2019-05-21 12:00:00,15.8977,86.3202,97.6,180.8,942.5,Extremely Severe Cyclonic Storm (ESCS),135.2,17.2,314.3,Puri Coast (Odisha),IMD Regional Specialized Meteorological Centre (RSMC) New Delhi / NOAA IBTrACS
186,2019116N05089,FANI,2019,NI (North Indian Ocean),BOB,2019-05-21 18:00:00,16.2914,86.2629,96.7,179.1,944.8,Extremely Severe Cyclonic Storm (ESCS),126.5,11.7,322.9,Puri Coast (Odisha),IMD Regional Specialized Meteorological Centre (RSMC) New Delhi / NOAA IBTrACS
187,2019116N05089,FANI,2019,NI (North Indian Ocean),BOB,2019-05-22 00:00:00,16.6841,86.2072,93.8,173.7,947.2,Extremely Severe Cyclonic Storm (ESCS),89.8,13.7,308.7,Puri Coast (Odisha),IMD Regional Specialized Meteorological Centre (RSMC) New Delhi / NOAA IBTrACS
188,2019116N05089,FANI,2019,NI (North Indian Ocean),BOB,2019-05-22 06:00:00,17.0758,86.1529,88.3,163.5,949.6,Very Severe Cyclonic Storm (VSCS),100.9,17.4,313.6,Puri Coast (Odisha),IMD Regional Specialized Meteorological Centre (RSMC) New Delhi / NOAA IBTrACS
189,2019116N05089,FANI,2019,NI (North Indian Ocean),BOB,2019-05-22 12:00:00,17.4667,86.1,83.8,155.2,952.0,Very Severe Cyclonic Storm (VSCS),86.3,11.1,328.0,Puri Coast (Odisha),IMD Regional Specialized Meteorological Centre (RSMC) New Delhi / NOAA IBTrACS
190,2019116N05089,FANI,2019,NI (North Indian Ocean),BOB,2019-05-22 18:00:00,17.8567,86.0482,81.4,150.8,954.3,Very Severe Cyclonic Storm (VSCS),56.1,13.5,311.5,Puri Coast (Odisha),IMD Regional Specialized Meteorological Centre (RSMC) New Delhi / NOAA IBTrACS
191,2019116N05089,FANI,2019,NI (North Indian Ocean),BOB,2019-05-23 00:00:00,18.2462,85.9974,77.8,144.1,956.7,Very Severe Cyclonic Storm (VSCS),56.5,11.2,316.7,Puri Coast (Odisha),IMD Regional Specialized Meteorological Centre (RSMC) New Delhi / NOAA IBTrACS
192,2019116N05089,FANI,2019,NI (North Indian Ocean),BOB,2019-05-23 06:00:00,18.6351,85.9474,75.9,140.6,959.1,Very Severe Cyclonic Storm (VSCS),49.0,14.7,313.7,Puri Coast (Odisha),IMD Regional Specialized Meteorological Centre (RSMC) New Delhi / NOAA IBTrACS
193,2019116N05089,FANI,2019,NI (North Indian Ocean),BOB,2019-05-23 12:00:00,19.0236,85.8979,72.1,133.5,961.5,Very Severe Cyclonic Storm (VSCS),34.5,12.0,312.4,Puri Coast (Odisha),IMD Regional Specialized Meteorological Centre (RSMC) New Delhi / NOAA IBTrACS
194,2019116N05089,FANI,2019,NI (North Indian Ocean),BOB,2019-05-23 18:00:00,19.4119,85.8489,65.0,120.4,963.8,Very Severe Cyclonic Storm (VSCS),19.0,17.8,319.5,Puri Coast (Odisha),IMD Regional Specialized Meteorological Centre (RSMC) New Delhi / NOAA IBTrACS
195,2019116N05089,FANI,2019,NI (North Indian Ocean),BOB,2019-05-24 00:00:00,19.8,85.8,64.5,119.5,966.2,Very Severe Cyclonic Storm (VSCS),13.7,14.1,301.6,Puri Coast (Odisha),IMD Regional Specialized Meteorological Centre (RSMC) New Delhi / NOAA IBTrACS
196,2017333N06078,OCKHI,2017,NI (North Indian Ocean),ARB,2017-11-28 00:00:00,6.5,78.5,29.3,54.3,996.8,Deep Depression (DD),456.9,13.7,318.1,South Gujarat / Dissipated,IMD Regional Specialized Meteorological Centre (RSMC) New Delhi / NOAA IBTrACS
197,2017333N06078,OCKHI,2017,NI (North Indian Ocean),ARB,2017-11-28 06:00:00,7.0331,78.3264,32.5,60.2,995.6,Deep Depression (DD),445.5,15.5,322.7,South Gujarat / Dissipated,IMD Regional Specialized Meteorological Centre (RSMC) New Delhi / NOAA IBTrACS
198,2017333N06078,OCKHI,2017,NI (North Indian Ocean),ARB,2017-11-28 12:00:00,7.5659,78.1525,36.3,67.2,994.3,Cyclonic Storm (CS),425.3,18.0,327.6,South Gujarat / Dissipated,IMD Regional Specialized Meteorological Centre (RSMC) New Delhi / NOAA IBTrACS
199,2017333N06078,OCKHI,2017,NI (North Indian Ocean),ARB,2017-11-28 18:00:00,8.0982,77.9777,40.2,74.5,993.1,Cyclonic Storm (CS),408.5,15.7,325.9,South Gujarat / Dissipated,IMD Regional Specialized Meteorological Centre (RSMC) New Delhi / NOAA IBTrACS
200,2017333N06078,OCKHI,2017,NI (North Indian Ocean),ARB,2017-11-29 00:00:00,8.6296,77.8016,44.8,83.0,991.8,Cyclonic Storm (CS),378.9,15.3,329.4,South Gujarat / Dissipated,IMD Regional Specialized Meteorological Centre (RSMC) New Delhi / NOAA IBTrACS
201,2017333N06078,OCKHI,2017,NI (North Indian Ocean),ARB,2017-11-29 06:00:00,9.16,77.6239,47.5,88.0,990.6,Cyclonic Storm (CS),360.8,15.0,303.4,South Gujarat / Dissipated,IMD Regional Specialized Meteorological Centre (RSMC) New Delhi / NOAA IBTrACS
202,2017333N06078,OCKHI,2017,NI (North Indian Ocean),ARB,2017-11-29 12:00:00,9.689,77.4442,47.8,88.5,989.4,Cyclonic Storm (CS),368.1,13.8,314.5,South Gujarat / Dissipated,IMD Regional Specialized Meteorological Centre (RSMC) New Delhi / NOAA IBTrACS
203,2017333N06078,OCKHI,2017,NI (North Indian Ocean),ARB,2017-11-29 18:00:00,10.2164,77.2621,53.8,99.6,988.1,Severe Cyclonic Storm (SCS),349.2,11.1,317.8,South Gujarat / Dissipated,IMD Regional Specialized Meteorological Centre (RSMC) New Delhi / NOAA IBTrACS
204,2017333N06078,OCKHI,2017,NI (North Indian Ocean),ARB,2017-11-30 00:00:00,10.7421,77.0774,57.8,107.0,986.9,Severe Cyclonic Storm (SCS),321.5,14.8,303.3,South Gujarat / Dissipated,IMD Regional Specialized Meteorological Centre (RSMC) New Delhi / NOAA IBTrACS
205,2017333N06078,OCKHI,2017,NI (North Indian Ocean),ARB,2017-11-30 06:00:00,11.2658,76.8897,60.2,111.5,985.7,Severe Cyclonic Storm (SCS),308.6,18.7,316.1,South Gujarat / Dissipated,IMD Regional Specialized Meteorological Centre (RSMC) New Delhi / NOAA IBTrACS
206,2017333N06078,OCKHI,2017,NI (North Indian Ocean),ARB,2017-11-30 12:00:00,11.7873,76.6989,64.3,119.1,984.4,Very Severe Cyclonic Storm (VSCS),301.1,15.1,310.7,South Gujarat / Dissipated,IMD Regional Specialized Meteorological Centre (RSMC) New Delhi / NOAA IBTrACS
207,2017333N06078,OCKHI,2017,NI (North Indian Ocean),ARB,2017-11-30 18:00:00,12.3066,76.5046,65.5,121.3,983.2,Very Severe Cyclonic Storm (VSCS),282.2,17.8,301.0,South Gujarat / Dissipated,IMD Regional Specialized Meteorological Centre (RSMC) New Delhi / NOAA IBTrACS
208,2017333N06078,OCKHI,2017,NI (North Indian Ocean),ARB,2017-12-01 00:00:00,12.8236,76.3068,70.3,130.2,981.9,Very Severe Cyclonic Storm (VSCS),268.0,19.5,304.6,South Gujarat / Dissipated,IMD Regional Specialized Meteorological Centre (RSMC) New Delhi / NOAA IBTrACS
209,2017333N06078,OCKHI,2017,NI (North Indian Ocean),ARB,2017-12-01 06:00:00,13.338,76.1053,73.8,136.7,980.7,Very Severe Cyclonic Storm (VSCS),246.3,14.7,309.2,South Gujarat / Dissipated,IMD Regional Specialized Meteorological Centre (RSMC) New Delhi / NOAA IBTrACS
210,2017333N06078,OCKHI,2017,NI (North Indian Ocean),ARB,2017-12-01 12:00:00,13.85,75.9,77.1,142.8,979.5,Very Severe Cyclonic Storm (VSCS),223.1,15.2,325.0,South Gujarat / Dissipated,IMD Regional Specialized Meteorological Centre (RSMC) New Delhi / NOAA IBTrACS
211,2017333N06078,OCKHI,2017,NI (North Indian Ocean),ARB,2017-12-01 18:00:00,14.3595,75.691,78.5,145.4,978.2,Very Severe Cyclonic Storm (VSCS),196.0,12.8,312.0,South Gujarat / Dissipated,IMD Regional Specialized Meteorological Centre (RSMC) New Delhi / NOAA IBTrACS
212,2017333N06078,OCKHI,2017,NI (North Indian Ocean),ARB,2017-12-02 00:00:00,14.8664,75.4782,81.2,150.4,977.0,Very Severe Cyclonic Storm (VSCS),194.0,17.4,302.7,South Gujarat / Dissipated,IMD Regional Specialized Meteorological Centre (RSMC) New Delhi / NOAA IBTrACS
213,2017333N06078,OCKHI,2017,NI (North Indian Ocean),ARB,2017-12-02 06:00:00,15.3709,75.2617,83.2,154.1,976.3,Very Severe Cyclonic Storm (VSCS),175.9,13.5,321.5,South Gujarat / Dissipated,IMD Regional Specialized Meteorological Centre (RSMC) New Delhi / NOAA IBTrACS
214,2017333N06078,OCKHI,2017,NI (North Indian Ocean),ARB,2017-12-02 12:00:00,15.8731,75.0417,79.5,147.2,977.5,Very Severe Cyclonic Storm (VSCS),158.3,12.9,313.4,South Gujarat / Dissipated,IMD Regional Specialized Meteorological Centre (RSMC) New Delhi / NOAA IBTrACS
215,2017333N06078,OCKHI,2017,NI (North Indian Ocean),ARB,2017-12-02 18:00:00,16.3729,74.8183,77.5,143.5,978.8,Very Severe Cyclonic Storm (VSCS),157.0,11.6,301.7,South Gujarat / Dissipated,IMD Regional Specialized Meteorological Centre (RSMC) New Delhi / NOAA IBTrACS
216,2017333N06078,OCKHI,2017,NI (North Indian Ocean),ARB,2017-12-03 00:00:00,16.8707,74.5917,73.0,135.2,980.1,Very Severe Cyclonic Storm (VSCS),120.5,17.2,320.6,South Gujarat / Dissipated,IMD Regional Specialized Meteorological Centre (RSMC) New Delhi / NOAA IBTrACS
217,2017333N06078,OCKHI,2017,NI (North Indian Ocean),ARB,2017-12-03 06:00:00,17.3664,74.3621,71.1,131.7,981.4,Very Severe Cyclonic Storm (VSCS),99.0,19.1,302.4,South Gujarat / Dissipated,IMD Regional Specialized Meteorological Centre (RSMC) New Delhi / NOAA IBTrACS
218,2017333N06078,OCKHI,2017,NI (North Indian Ocean),ARB,2017-12-03 12:00:00,17.8604,74.1299,68.9,127.6,982.7,Very Severe Cyclonic Storm (VSCS),100.3,15.8,316.7,South Gujarat / Dissipated,IMD Regional Specialized Meteorological Centre (RSMC) New Delhi / NOAA IBTrACS
219,2017333N06078,OCKHI,2017,NI (North Indian Ocean),ARB,2017-12-03 18:00:00,18.3528,73.8953,65.0,120.4,984.0,Very Severe Cyclonic Storm (VSCS),85.3,17.6,307.0,South Gujarat / Dissipated,IMD Regional Specialized Meteorological Centre (RSMC) New Delhi / NOAA IBTrACS
220,2017333N06078,OCKHI,2017,NI (North Indian Ocean),ARB,2017-12-04 00:00:00,18.8439,73.6587,61.5,113.9,985.3,Severe Cyclonic Storm (SCS),68.8,13.5,310.5,South Gujarat / Dissipated,IMD Regional Specialized Meteorological Centre (RSMC) New Delhi / NOAA IBTrACS
221,2017333N06078,OCKHI,2017,NI (North Indian Ocean),ARB,2017-12-04 06:00:00,19.3339,73.4205,56.4,104.5,986.5,Severe Cyclonic Storm (SCS),51.6,15.6,313.8,South Gujarat / Dissipated,IMD Regional Specialized Meteorological Centre (RSMC) New Delhi / NOAA IBTrACS
222,2017333N06078,OCKHI,2017,NI (North Indian Ocean),ARB,2017-12-04 12:00:00,19.8231,73.181,53.9,99.8,987.8,Severe Cyclonic Storm (SCS),33.0,15.4,314.7,South Gujarat / Dissipated,IMD Regional Specialized Meteorological Centre (RSMC) New Delhi / NOAA IBTrACS
223,2017333N06078,OCKHI,2017,NI (North Indian Ocean),ARB,2017-12-04 18:00:00,20.3117,72.9407,48.7,90.2,989.1,Severe Cyclonic Storm (SCS),12.6,15.7,322.4,South Gujarat / Dissipated,IMD Regional Specialized Meteorological Centre (RSMC) New Delhi / NOAA IBTrACS
224,2017333N06078,OCKHI,2017,NI (North Indian Ocean),ARB,2017-12-05 00:00:00,20.8,72.7,45.3,83.9,990.4,Cyclonic Storm (CS),7.1,11.3,326.4,South Gujarat / Dissipated,IMD Regional Specialized Meteorological Centre (RSMC) New Delhi / NOAA IBTrACS
225,2014280N12093,HUDHUD,2014,NI (North Indian Ocean),BOB,2014-11-28 00:00:00,12.0,93.0,41.9,77.6,987.7,Cyclonic Storm (CS),454.8,15.2,324.7,Visakhapatnam Harbor (AP),IMD Regional Specialized Meteorological Centre (RSMC) New Delhi / NOAA IBTrACS
226,2014280N12093,HUDHUD,2014,NI (North Indian Ocean),BOB,2014-11-28 06:00:00,12.2636,92.5567,46.0,85.2,985.1,Cyclonic Storm (CS),432.9,16.3,307.3,Visakhapatnam Harbor (AP),IMD Regional Specialized Meteorological Centre (RSMC) New Delhi / NOAA IBTrACS
227,2014280N12093,HUDHUD,2014,NI (North Indian Ocean),BOB,2014-11-28 12:00:00,12.5268,92.114,48.7,90.2,982.5,Severe Cyclonic Storm (SCS),420.3,17.2,312.8,Visakhapatnam Harbor (AP),IMD Regional Specialized Meteorological Centre (RSMC) New Delhi / NOAA IBTrACS
228,2014280N12093,HUDHUD,2014,NI (North Indian Ocean),BOB,2014-11-28 18:00:00,12.789,91.6727,54.2,100.4,979.8,Severe Cyclonic Storm (SCS),404.2,15.6,323.8,Visakhapatnam Harbor (AP),IMD Regional Specialized Meteorological Centre (RSMC) New Delhi / NOAA IBTrACS
229,2014280N12093,HUDHUD,2014,NI (North Indian Ocean),BOB,2014-11-29 00:00:00,13.05,91.2333,59.6,110.4,977.2,Severe Cyclonic Storm (SCS),382.9,16.5,320.4,Visakhapatnam Harbor (AP),IMD Regional Specialized Meteorological Centre (RSMC) New Delhi / NOAA IBTrACS
230,2014280N12093,HUDHUD,2014,NI (North Indian Ocean),BOB,2014-11-29 06:00:00,13.3093,90.7965,65.5,121.3,974.6,Very Severe Cyclonic Storm (VSCS),353.6,14.0,308.2,Visakhapatnam Harbor (AP),IMD Regional Specialized Meteorological Centre (RSMC) New Delhi / NOAA IBTrACS
231,2014280N12093,HUDHUD,2014,NI (North Indian Ocean),BOB,2014-11-29 12:00:00,13.5664,90.3629,73.1,135.4,972.0,Very Severe Cyclonic Storm (VSCS),349.8,17.2,320.7,Visakhapatnam Harbor (AP),IMD Regional Specialized Meteorological Centre (RSMC) New Delhi / NOAA IBTrACS
232,2014280N12093,HUDHUD,2014,NI (North Indian Ocean),BOB,2014-11-29 18:00:00,13.8212,89.9328,76.3,141.3,969.4,Very Severe Cyclonic Storm (VSCS),320.7,13.3,313.7,Visakhapatnam Harbor (AP),IMD Regional Specialized Meteorological Centre (RSMC) New Delhi / NOAA IBTrACS
233,2014280N12093,HUDHUD,2014,NI (North Indian Ocean),BOB,2014-11-30 00:00:00,14.0732,89.5069,82.6,153.0,966.8,Very Severe Cyclonic Storm (VSCS),302.6,11.7,301.8,Visakhapatnam Harbor (AP),IMD Regional Specialized Meteorological Centre (RSMC) New Delhi / NOAA IBTrACS
234,2014280N12093,HUDHUD,2014,NI (North Indian Ocean),BOB,2014-11-30 06:00:00,14.3223,89.0853,87.4,161.9,964.1,Very Severe Cyclonic Storm (VSCS),290.3,11.1,322.4,Visakhapatnam Harbor (AP),IMD Regional Specialized Meteorological Centre (RSMC) New Delhi / NOAA IBTrACS
235,2014280N12093,HUDHUD,2014,NI (North Indian Ocean),BOB,2014-11-30 12:00:00,14.5682,88.6686,90.4,167.4,961.5,Extremely Severe Cyclonic Storm (ESCS),270.3,16.6,309.3,Visakhapatnam Harbor (AP),IMD Regional Specialized Meteorological Centre (RSMC) New Delhi / NOAA IBTrACS
236,2014280N12093,HUDHUD,2014,NI (North Indian Ocean),BOB,2014-11-30 18:00:00,14.8108,88.2567,98.8,183.0,958.9,Extremely Severe Cyclonic Storm (ESCS),236.5,18.9,325.4,Visakhapatnam Harbor (AP),IMD Regional Specialized Meteorological Centre (RSMC) New Delhi / NOAA IBTrACS
237,2014280N12093,HUDHUD,2014,NI (North Indian Ocean),BOB,2014-12-01 00:00:00,15.05,87.85,101.6,188.2,956.3,Extremely Severe Cyclonic Storm (ESCS),212.8,12.4,322.5,Visakhapatnam Harbor (AP),IMD Regional Specialized Meteorological Centre (RSMC) New Delhi / NOAA IBTrACS
238,2014280N12093,HUDHUD,2014,NI (North Indian Ocean),BOB,2014-12-01 06:00:00,15.2858,87.4484,106.6,197.4,953.7,Extremely Severe Cyclonic Storm (ESCS),201.0,18.1,308.8,Visakhapatnam Harbor (AP),IMD Regional Specialized Meteorological Centre (RSMC) New Delhi / NOAA IBTrACS
239,2014280N12093,HUDHUD,2014,NI (North Indian Ocean),BOB,2014-12-01 12:00:00,15.5182,87.0519,112.3,208.0,951.0,Extremely Severe Cyclonic Storm (ESCS),182.0,16.5,305.4,Visakhapatnam Harbor (AP),IMD Regional Specialized Meteorological Centre (RSMC) New Delhi / NOAA IBTrACS
240,2014280N12093,HUDHUD,2014,NI (North Indian Ocean),BOB,2014-12-01 18:00:00,15.7473,86.6603,110.6,204.8,951.6,Extremely Severe Cyclonic Storm (ESCS),183.3,18.0,307.0,Visakhapatnam Harbor (AP),IMD Regional Specialized Meteorological Centre (RSMC) New Delhi / NOAA IBTrACS
241,2014280N12093,HUDHUD,2014,NI (North Indian Ocean),BOB,2014-12-02 00:00:00,15.9732,86.2735,104.8,194.1,954.4,Extremely Severe Cyclonic Storm (ESCS),164.4,19.3,328.2,Visakhapatnam Harbor (AP),IMD Regional Specialized Meteorological Centre (RSMC) New Delhi / NOAA IBTrACS
242,2014280N12093,HUDHUD,2014,NI (North Indian Ocean),BOB,2014-12-02 06:00:00,16.1962,85.8912,101.0,187.1,957.1,Extremely Severe Cyclonic Storm (ESCS),122.2,12.4,326.9,Visakhapatnam Harbor (AP),IMD Regional Specialized Meteorological Centre (RSMC) New Delhi / NOAA IBTrACS
243,2014280N12093,HUDHUD,2014,NI (North Indian Ocean),BOB,2014-12-02 12:00:00,16.4164,85.5129,95.5,176.9,959.8,Extremely Severe Cyclonic Storm (ESCS),116.2,17.0,306.0,Visakhapatnam Harbor (AP),IMD Regional Specialized Meteorological Centre (RSMC) New Delhi / NOAA IBTrACS
244,2014280N12093,HUDHUD,2014,NI (North Indian Ocean),BOB,2014-12-02 18:00:00,16.6343,85.1382,89.1,165.0,962.5,Very Severe Cyclonic Storm (VSCS),93.3,11.8,328.0,Visakhapatnam Harbor (AP),IMD Regional Specialized Meteorological Centre (RSMC) New Delhi / NOAA IBTrACS
245,2014280N12093,HUDHUD,2014,NI (North Indian Ocean),BOB,2014-12-03 00:00:00,16.85,84.7667,83.7,155.0,965.2,Very Severe Cyclonic Storm (VSCS),82.1,15.7,309.8,Visakhapatnam Harbor (AP),IMD Regional Specialized Meteorological Centre (RSMC) New Delhi / NOAA IBTrACS
246,2014280N12093,HUDHUD,2014,NI (North Indian Ocean),BOB,2014-12-03 06:00:00,17.064,84.3977,81.0,150.0,967.9,Very Severe Cyclonic Storm (VSCS),52.0,15.1,325.1,Visakhapatnam Harbor (AP),IMD Regional Specialized Meteorological Centre (RSMC) New Delhi / NOAA IBTrACS
247,2014280N12093,HUDHUD,2014,NI (North Indian Ocean),BOB,2014-12-03 12:00:00,17.2768,84.0307,74.1,137.2,970.7,Very Severe Cyclonic Storm (VSCS),49.3,19.3,312.2,Visakhapatnam Harbor (AP),IMD Regional Specialized Meteorological Centre (RSMC) New Delhi / NOAA IBTrACS
248,2014280N12093,HUDHUD,2014,NI (North Indian Ocean),BOB,2014-12-03 18:00:00,17.4886,83.665,68.7,127.2,973.4,Very Severe Cyclonic Storm (VSCS),4.2,18.3,326.3,Visakhapatnam Harbor (AP),IMD Regional Specialized Meteorological Centre (RSMC) New Delhi / NOAA IBTrACS
249,2014280N12093,HUDHUD,2014,NI (North Indian Ocean),BOB,2014-12-04 00:00:00,17.7,83.3,62.2,115.2,976.1,Severe Cyclonic Storm (SCS),7.2,19.0,322.4,Visakhapatnam Harbor (AP),IMD Regional Specialized Meteorological Centre (RSMC) New Delhi / NOAA IBTrACS
